DROP TABLE MESSAGES CASCADE CONSTRAINTS;
DROP TABLE GROUPMEMBERS CASCADE CONSTRAINTS;
DROP TABLE FRIENDSHIPS CASCADE CONSTRAINTS;
DROP TABLE GROUPS CASCADE CONSTRAINTS;
DROP TABLE USERS CASCADE CONSTRAINTS;

PURGE RECYCLEBIN;

CREATE TABLE USERS
(	
	ID NUMBER(10,0) NOT NULL,
	FNAME VARCHAR2(50 BYTE) NOT NULL,
	LNAME VARCHAR2(50 BYTE) NOT NULL,
	EMAIL VARCHAR2(80 BYTE) NOT NULL,
	DOB DATE NOT NULL,
	LASTLOGIN TIMESTAMP (3),
	DATECREATED TIMESTAMP (3) DEFAULT SYSTIMESTAMP NOT NULL,
	CONSTRAINT USERS_PK PRIMARY KEY (ID)
);

CREATE TABLE GROUPS
(	
	ID NUMBER(10,0) NOT NULL,
	NAME VARCHAR2(100 BYTE) NOT NULL,
	DESCRIPTION VARCHAR2(100 BYTE),
	LIMIT NUMBER(10,0),
	DATECREATED TIMESTAMP (3) DEFAULT SYSTIMESTAMP NOT NULL,
	CONSTRAINT GROUPS_PK PRIMARY KEY (ID)
);

CREATE TABLE FRIENDSHIPS
(	
	USERID NUMBER(10,0) NOT NULL,
	FRIENDID NUMBER(10,0) NOT NULL,
	APPROVED NUMBER(1,0) DEFAULT 0 NOT NULL,
	DATEAPPROVED TIMESTAMP (3),
	CONSTRAINT FRIENDSHIPS_FK1 FOREIGN KEY (USERID) REFERENCES USERS (ID),
	CONSTRAINT FRIENDSHIPS_FK2 FOREIGN KEY (FRIENDID) REFERENCES USERS (ID)
);

CREATE TABLE GROUPMEMBERS
(	
	GROUPID NUMBER(10,0) NOT NULL,
	USERID NUMBER(10,0) NOT NULL,
	DATEJOINED TIMESTAMP (3) DEFAULT SYSTIMESTAMP NOT NULL,
	CONSTRAINT GROUPMEMBERS_FK1 FOREIGN KEY (GROUPID) REFERENCES GROUPS (ID),
	CONSTRAINT GROUPMEMBERS_FK2 FOREIGN KEY (USERID) REFERENCES USERS (ID)
);

CREATE TABLE MESSAGES
(	
	ID NUMBER(10,0) NOT NULL,
	SENDERID NUMBER(10,0) NOT NULL,
	SUBJECT VARCHAR2(30 BYTE) NOT NULL,
	BODY VARCHAR2(100 BYTE) NOT NULL,
	RECIPIENTID NUMBER(10,0),
	DATECREATED TIMESTAMP (3) DEFAULT SYSTIMESTAMP NOT NULL,
	CONSTRAINT MESSAGES_PK PRIMARY KEY (ID),
	CONSTRAINT MESSAGES_FK1 FOREIGN KEY (SENDERID) REFERENCES USERS (ID),
	CONSTRAINT MESSAGES_FK2 FOREIGN KEY (RECIPIENTID) REFERENCES USERS (ID)
);

INSERT INTO USERS(ID, FNAME, LNAME, EMAIL, DOB, LASTLOGIN, DATECREATED) VALUES (1, 'Jason', 'Tomei', 'jtomei@cs1555.com', TO_DATE('08-MAY-95','DD-MON-YY'), NULL, TIMESTAMP '2016-06-01 09:39:56.147');
INSERT INTO USERS(ID, FNAME, LNAME, EMAIL, DOB, LASTLOGIN, DATECREATED) VALUES (2, 'Garrett', 'Norrell', 'gnorrell@cs1555.com', TO_DATE('16-APR-95','DD-MON-YY'), NULL, TIMESTAMP '2016-06-02 03:45:23.872');
INSERT INTO USERS(ID, FNAME, LNAME, EMAIL, DOB, LASTLOGIN, DATECREATED) VALUES (3, 'Jamie', 'Mewborn', 'jmewborn@cs1555.com', TO_DATE('15-JUN-95','DD-MON-YY'), NULL, TIMESTAMP '2016-06-02 09:18:57.366');
INSERT INTO USERS(ID, FNAME, LNAME, EMAIL, DOB, LASTLOGIN, DATECREATED) VALUES (4, 'Landon', 'Ambriz', 'lambriz@cs1555.com', TO_DATE('13-MAY-95','DD-MON-YY'), NULL, TIMESTAMP '2016-06-03 00:27:03.515');
INSERT INTO USERS(ID, FNAME, LNAME, EMAIL, DOB, LASTLOGIN, DATECREATED) VALUES (5, 'Monroe', 'Midgett', 'mmidgett@cs1555.com', TO_DATE('22-MAY-95','DD-MON-YY'), NULL, TIMESTAMP '2016-06-03 14:08:50.997');
INSERT INTO USERS(ID, FNAME, LNAME, EMAIL, DOB, LASTLOGIN, DATECREATED) VALUES (6, 'Perry', 'Pendergraft', 'ppendergraft@cs1555.com', TO_DATE('01-JAN-95','DD-MON-YY'), NULL, TIMESTAMP '2016-06-03 16:38:03.704');
INSERT INTO USERS(ID, FNAME, LNAME, EMAIL, DOB, LASTLOGIN, DATECREATED) VALUES (7, 'Sid', 'Mcmullan', 'smcmullan@cs1555.com', TO_DATE('11-MAR-95','DD-MON-YY'), NULL, TIMESTAMP '2016-06-03 20:47:19.599');
INSERT INTO USERS(ID, FNAME, LNAME, EMAIL, DOB, LASTLOGIN, DATECREATED) VALUES (8, 'Raleigh', 'Bacote', 'rbacote@cs1555.com', TO_DATE('13-JUN-95','DD-MON-YY'), NULL, TIMESTAMP '2016-06-03 21:12:43.938');
INSERT INTO USERS(ID, FNAME, LNAME, EMAIL, DOB, LASTLOGIN, DATECREATED) VALUES (9, 'Hugh', 'Foster', 'hfoster@cs1555.com', TO_DATE('31-JAN-95','DD-MON-YY'), NULL, TIMESTAMP '2016-06-03 23:01:01.979');
INSERT INTO USERS(ID, FNAME, LNAME, EMAIL, DOB, LASTLOGIN, DATECREATED) VALUES (10, 'Darell', 'Foree', 'dforee@cs1555.com', TO_DATE('27-APR-95','DD-MON-YY'), NULL, TIMESTAMP '2016-06-03 23:56:34.906');
INSERT INTO USERS(ID, FNAME, LNAME, EMAIL, DOB, LASTLOGIN, DATECREATED) VALUES (11, 'Ike', 'Keebler', 'ikeebler@cs1555.com', TO_DATE('28-MAY-95','DD-MON-YY'), NULL, TIMESTAMP '2016-06-04 00:09:36.236');
INSERT INTO USERS(ID, FNAME, LNAME, EMAIL, DOB, LASTLOGIN, DATECREATED) VALUES (12, 'Ronnie', 'Yu', 'ryu@cs1555.com', TO_DATE('13-APR-95','DD-MON-YY'), NULL, TIMESTAMP '2016-06-04 03:14:51.650');
INSERT INTO USERS(ID, FNAME, LNAME, EMAIL, DOB, LASTLOGIN, DATECREATED) VALUES (13, 'Darwin', 'Ricks', 'dricks@cs1555.com', TO_DATE('13-JUN-95','DD-MON-YY'), NULL, TIMESTAMP '2016-06-04 04:07:43.338');
INSERT INTO USERS(ID, FNAME, LNAME, EMAIL, DOB, LASTLOGIN, DATECREATED) VALUES (14, 'Nickolas', 'Stayer', 'nstayer@cs1555.com', TO_DATE('22-JUN-95','DD-MON-YY'), NULL, TIMESTAMP '2016-06-04 09:04:06.442');
INSERT INTO USERS(ID, FNAME, LNAME, EMAIL, DOB, LASTLOGIN, DATECREATED) VALUES (15, 'Bert', 'Parkison', 'bparkison@cs1555.com', TO_DATE('16-MAY-95','DD-MON-YY'), NULL, TIMESTAMP '2016-06-05 00:03:07.548');
INSERT INTO USERS(ID, FNAME, LNAME, EMAIL, DOB, LASTLOGIN, DATECREATED) VALUES (16, 'Vaughn', 'Setser', 'vsetser@cs1555.com', TO_DATE('23-MAY-95','DD-MON-YY'), NULL, TIMESTAMP '2016-06-05 12:21:33.308');
INSERT INTO USERS(ID, FNAME, LNAME, EMAIL, DOB, LASTLOGIN, DATECREATED) VALUES (17, 'Dion', 'Souder', 'dsouder@cs1555.com', TO_DATE('18-APR-95','DD-MON-YY'), NULL, TIMESTAMP '2016-06-05 20:07:26.534');
INSERT INTO USERS(ID, FNAME, LNAME, EMAIL, DOB, LASTLOGIN, DATECREATED) VALUES (18, 'Shelton', 'Sgro', 'ssgro@cs1555.com', TO_DATE('30-MAY-95','DD-MON-YY'), NULL, TIMESTAMP '2016-06-05 22:50:07.674');
INSERT INTO USERS(ID, FNAME, LNAME, EMAIL, DOB, LASTLOGIN, DATECREATED) VALUES (19, 'Jamison', 'Jury', 'jjury@cs1555.com', TO_DATE('13-FEB-95','DD-MON-YY'), NULL, TIMESTAMP '2016-06-06 18:52:49.329');
INSERT INTO USERS(ID, FNAME, LNAME, EMAIL, DOB, LASTLOGIN, DATECREATED) VALUES (20, 'Lucio', 'Watwood', 'lwatwood@cs1555.com', TO_DATE('06-MAY-95','DD-MON-YY'), NULL, TIMESTAMP '2016-06-06 19:30:09.901');
INSERT INTO USERS(ID, FNAME, LNAME, EMAIL, DOB, LASTLOGIN, DATECREATED) VALUES (21, 'Nathanael', 'Down', 'ndown@cs1555.com', TO_DATE('07-MAY-95','DD-MON-YY'), NULL, TIMESTAMP '2016-06-07 01:03:18.961');
INSERT INTO USERS(ID, FNAME, LNAME, EMAIL, DOB, LASTLOGIN, DATECREATED) VALUES (22, 'Darryl', 'Menard', 'dmenard@cs1555.com', TO_DATE('18-MAR-95','DD-MON-YY'), NULL, TIMESTAMP '2016-06-07 15:08:37.550');
INSERT INTO USERS(ID, FNAME, LNAME, EMAIL, DOB, LASTLOGIN, DATECREATED) VALUES (23, 'Barney', 'Clow', 'bclow@cs1555.com', TO_DATE('24-JUN-95','DD-MON-YY'), NULL, TIMESTAMP '2016-06-07 18:07:38.626');
INSERT INTO USERS(ID, FNAME, LNAME, EMAIL, DOB, LASTLOGIN, DATECREATED) VALUES (24, 'Loyd', 'Montrose', 'lmontrose@cs1555.com', TO_DATE('02-JUN-95','DD-MON-YY'), NULL, TIMESTAMP '2016-06-07 18:40:05.378');
INSERT INTO USERS(ID, FNAME, LNAME, EMAIL, DOB, LASTLOGIN, DATECREATED) VALUES (25, 'Edison', 'Greenwald', 'egreenwald@cs1555.com', TO_DATE('20-APR-95','DD-MON-YY'), NULL, TIMESTAMP '2016-06-07 21:14:01.654');
INSERT INTO USERS(ID, FNAME, LNAME, EMAIL, DOB, LASTLOGIN, DATECREATED) VALUES (26, 'Bruce', 'Jiminez', 'bjiminez@cs1555.com', TO_DATE('25-MAR-95','DD-MON-YY'), NULL, TIMESTAMP '2016-06-07 21:35:58.662');
INSERT INTO USERS(ID, FNAME, LNAME, EMAIL, DOB, LASTLOGIN, DATECREATED) VALUES (27, 'Raphael', 'Kaur', 'rkaur@cs1555.com', TO_DATE('25-JAN-95','DD-MON-YY'), NULL, TIMESTAMP '2016-06-08 22:17:32.925');
INSERT INTO USERS(ID, FNAME, LNAME, EMAIL, DOB, LASTLOGIN, DATECREATED) VALUES (28, 'Reynaldo', 'Gilham', 'rgilham@cs1555.com', TO_DATE('04-FEB-95','DD-MON-YY'), NULL, TIMESTAMP '2016-06-09 17:04:25.485');
INSERT INTO USERS(ID, FNAME, LNAME, EMAIL, DOB, LASTLOGIN, DATECREATED) VALUES (29, 'Tony', 'Byrns', 'tbyrns@cs1555.com', TO_DATE('19-MAR-95','DD-MON-YY'), NULL, TIMESTAMP '2016-06-10 02:51:00.219');
INSERT INTO USERS(ID, FNAME, LNAME, EMAIL, DOB, LASTLOGIN, DATECREATED) VALUES (30, 'Cameron', 'Llanos', 'cllanos@cs1555.com', TO_DATE('27-FEB-95','DD-MON-YY'), NULL, TIMESTAMP '2016-06-10 09:12:57.313');
INSERT INTO USERS(ID, FNAME, LNAME, EMAIL, DOB, LASTLOGIN, DATECREATED) VALUES (31, 'Lynn', 'Gillison', 'lgillison@cs1555.com', TO_DATE('06-APR-95','DD-MON-YY'), NULL, TIMESTAMP '2016-06-10 22:19:41.335');
INSERT INTO USERS(ID, FNAME, LNAME, EMAIL, DOB, LASTLOGIN, DATECREATED) VALUES (32, 'Forest', 'Raimondi', 'fraimondi@cs1555.com', TO_DATE('30-MAR-95','DD-MON-YY'), NULL, TIMESTAMP '2016-06-11 06:43:56.650');
INSERT INTO USERS(ID, FNAME, LNAME, EMAIL, DOB, LASTLOGIN, DATECREATED) VALUES (33, 'Efren', 'Domina', 'edomina@cs1555.com', TO_DATE('13-JAN-95','DD-MON-YY'), NULL, TIMESTAMP '2016-06-11 11:31:20.973');
INSERT INTO USERS(ID, FNAME, LNAME, EMAIL, DOB, LASTLOGIN, DATECREATED) VALUES (34, 'Shane', 'Nadel', 'snadel@cs1555.com', TO_DATE('04-MAR-95','DD-MON-YY'), NULL, TIMESTAMP '2016-06-11 22:04:12.901');
INSERT INTO USERS(ID, FNAME, LNAME, EMAIL, DOB, LASTLOGIN, DATECREATED) VALUES (35, 'Darrel', 'Luby', 'dluby@cs1555.com', TO_DATE('28-FEB-95','DD-MON-YY'), NULL, TIMESTAMP '2016-06-12 22:38:42.311');
INSERT INTO USERS(ID, FNAME, LNAME, EMAIL, DOB, LASTLOGIN, DATECREATED) VALUES (36, 'Stanton', 'Dixon', 'sdixon@cs1555.com', TO_DATE('28-JAN-95','DD-MON-YY'), NULL, TIMESTAMP '2016-06-13 04:31:07.212');
INSERT INTO USERS(ID, FNAME, LNAME, EMAIL, DOB, LASTLOGIN, DATECREATED) VALUES (37, 'Johnathon', 'Kemmerer', 'jkemmerer@cs1555.com', TO_DATE('06-MAY-95','DD-MON-YY'), NULL, TIMESTAMP '2016-06-13 05:35:53.876');
INSERT INTO USERS(ID, FNAME, LNAME, EMAIL, DOB, LASTLOGIN, DATECREATED) VALUES (38, 'Dewey', 'Alderson', 'dalderson@cs1555.com', TO_DATE('18-APR-95','DD-MON-YY'), NULL, TIMESTAMP '2016-06-13 21:30:17.797');
INSERT INTO USERS(ID, FNAME, LNAME, EMAIL, DOB, LASTLOGIN, DATECREATED) VALUES (39, 'Christoper', 'Ackerson', 'cackerson@cs1555.com', TO_DATE('09-JUN-95','DD-MON-YY'), NULL, TIMESTAMP '2016-06-14 01:24:07.975');
INSERT INTO USERS(ID, FNAME, LNAME, EMAIL, DOB, LASTLOGIN, DATECREATED) VALUES (40, 'Dino', 'Antunez', 'dantunez@cs1555.com', TO_DATE('12-JAN-95','DD-MON-YY'), NULL, TIMESTAMP '2016-06-14 03:14:13.697');
INSERT INTO USERS(ID, FNAME, LNAME, EMAIL, DOB, LASTLOGIN, DATECREATED) VALUES (41, 'Dwayne', 'Plummer', 'dplummer@cs1555.com', TO_DATE('10-MAY-95','DD-MON-YY'), NULL, TIMESTAMP '2016-06-14 22:22:07.388');
INSERT INTO USERS(ID, FNAME, LNAME, EMAIL, DOB, LASTLOGIN, DATECREATED) VALUES (42, 'Shaun', 'Larabee', 'slarabee@cs1555.com', TO_DATE('09-APR-95','DD-MON-YY'), NULL, TIMESTAMP '2016-06-15 00:22:35.437');
INSERT INTO USERS(ID, FNAME, LNAME, EMAIL, DOB, LASTLOGIN, DATECREATED) VALUES (43, 'Lincoln', 'Fairman', 'lfairman@cs1555.com', TO_DATE('24-APR-95','DD-MON-YY'), NULL, TIMESTAMP '2016-06-15 04:13:32.930');
INSERT INTO USERS(ID, FNAME, LNAME, EMAIL, DOB, LASTLOGIN, DATECREATED) VALUES (44, 'Demarcus', 'Vannatta', 'dvannatta@cs1555.com', TO_DATE('26-MAR-95','DD-MON-YY'), NULL, TIMESTAMP '2016-06-15 09:49:18.653');
INSERT INTO USERS(ID, FNAME, LNAME, EMAIL, DOB, LASTLOGIN, DATECREATED) VALUES (45, 'Cary', 'Hilts', 'chilts@cs1555.com', TO_DATE('08-FEB-95','DD-MON-YY'), NULL, TIMESTAMP '2016-06-15 14:16:09.759');
INSERT INTO USERS(ID, FNAME, LNAME, EMAIL, DOB, LASTLOGIN, DATECREATED) VALUES (46, 'Mauricio', 'Vanvalkenburg', 'mvanvalkenburg@cs1555.com', TO_DATE('07-JAN-95','DD-MON-YY'), NULL, TIMESTAMP '2016-06-15 18:47:40.696');
INSERT INTO USERS(ID, FNAME, LNAME, EMAIL, DOB, LASTLOGIN, DATECREATED) VALUES (47, 'Lynwood', 'Canada', 'lcanada@cs1555.com', TO_DATE('22-FEB-95','DD-MON-YY'), NULL, TIMESTAMP '2016-06-16 05:17:22.680');
INSERT INTO USERS(ID, FNAME, LNAME, EMAIL, DOB, LASTLOGIN, DATECREATED) VALUES (48, 'Whitney', 'Rabalais', 'wrabalais@cs1555.com', TO_DATE('14-FEB-95','DD-MON-YY'), NULL, TIMESTAMP '2016-06-16 20:16:41.812');
INSERT INTO USERS(ID, FNAME, LNAME, EMAIL, DOB, LASTLOGIN, DATECREATED) VALUES (49, 'Eusebio', 'Hofmann', 'ehofmann@cs1555.com', TO_DATE('20-APR-95','DD-MON-YY'), NULL, TIMESTAMP '2016-06-17 23:20:48.566');
INSERT INTO USERS(ID, FNAME, LNAME, EMAIL, DOB, LASTLOGIN, DATECREATED) VALUES (50, 'Harvey', 'Denver', 'hdenver@cs1555.com', TO_DATE('13-FEB-95','DD-MON-YY'), NULL, TIMESTAMP '2016-06-17 23:38:33.410');
INSERT INTO USERS(ID, FNAME, LNAME, EMAIL, DOB, LASTLOGIN, DATECREATED) VALUES (51, 'Roxane', 'Selby', 'rselby@cs1555.com', TO_DATE('09-JAN-95','DD-MON-YY'), NULL, TIMESTAMP '2016-06-18 04:43:26.428');
INSERT INTO USERS(ID, FNAME, LNAME, EMAIL, DOB, LASTLOGIN, DATECREATED) VALUES (52, 'Nyla', 'Hillebrand', 'nhillebrand@cs1555.com', TO_DATE('03-FEB-95','DD-MON-YY'), NULL, TIMESTAMP '2016-06-18 22:57:40.620');
INSERT INTO USERS(ID, FNAME, LNAME, EMAIL, DOB, LASTLOGIN, DATECREATED) VALUES (53, 'Luciana', 'Nellum', 'lnellum@cs1555.com', TO_DATE('20-JAN-95','DD-MON-YY'), NULL, TIMESTAMP '2016-06-19 13:51:00.431');
INSERT INTO USERS(ID, FNAME, LNAME, EMAIL, DOB, LASTLOGIN, DATECREATED) VALUES (54, 'Yolando', 'Cienfuegos', 'ycienfuegos@cs1555.com', TO_DATE('23-APR-95','DD-MON-YY'), NULL, TIMESTAMP '2016-06-19 22:25:33.222');
INSERT INTO USERS(ID, FNAME, LNAME, EMAIL, DOB, LASTLOGIN, DATECREATED) VALUES (55, 'Sharen', 'Negron', 'snegron@cs1555.com', TO_DATE('24-MAR-95','DD-MON-YY'), NULL, TIMESTAMP '2016-06-20 04:23:15.126');
INSERT INTO USERS(ID, FNAME, LNAME, EMAIL, DOB, LASTLOGIN, DATECREATED) VALUES (56, 'Mamie', 'Clukey', 'mclukey@cs1555.com', TO_DATE('07-JAN-95','DD-MON-YY'), NULL, TIMESTAMP '2016-06-20 05:36:58.969');
INSERT INTO USERS(ID, FNAME, LNAME, EMAIL, DOB, LASTLOGIN, DATECREATED) VALUES (57, 'Lashon', 'Glickman', 'lglickman@cs1555.com', TO_DATE('06-FEB-95','DD-MON-YY'), NULL, TIMESTAMP '2016-06-20 07:44:54.926');
INSERT INTO USERS(ID, FNAME, LNAME, EMAIL, DOB, LASTLOGIN, DATECREATED) VALUES (58, 'Adrianne', 'Loe', 'aloe@cs1555.com', TO_DATE('21-APR-95','DD-MON-YY'), NULL, TIMESTAMP '2016-06-21 13:34:44.105');
INSERT INTO USERS(ID, FNAME, LNAME, EMAIL, DOB, LASTLOGIN, DATECREATED) VALUES (59, 'Ophelia', 'Eisenberg', 'oeisenberg@cs1555.com', TO_DATE('31-MAY-95','DD-MON-YY'), NULL, TIMESTAMP '2016-06-22 01:18:32.502');
INSERT INTO USERS(ID, FNAME, LNAME, EMAIL, DOB, LASTLOGIN, DATECREATED) VALUES (60, 'Kacie', 'Callahan', 'kcallahan@cs1555.com', TO_DATE('25-JAN-95','DD-MON-YY'), NULL, TIMESTAMP '2016-06-23 05:01:39.900');
INSERT INTO USERS(ID, FNAME, LNAME, EMAIL, DOB, LASTLOGIN, DATECREATED) VALUES (61, 'Chante', 'Gallman', 'cgallman@cs1555.com', TO_DATE('09-JAN-95','DD-MON-YY'), NULL, TIMESTAMP '2016-06-23 08:40:19.195');
INSERT INTO USERS(ID, FNAME, LNAME, EMAIL, DOB, LASTLOGIN, DATECREATED) VALUES (62, 'Francoise', 'Barks', 'fbarks@cs1555.com', TO_DATE('30-JAN-95','DD-MON-YY'), NULL, TIMESTAMP '2016-06-23 13:33:48.276');
INSERT INTO USERS(ID, FNAME, LNAME, EMAIL, DOB, LASTLOGIN, DATECREATED) VALUES (63, 'Trinh', 'Patricio', 'tpatricio@cs1555.com', TO_DATE('27-MAY-95','DD-MON-YY'), NULL, TIMESTAMP '2016-06-23 19:26:17.154');
INSERT INTO USERS(ID, FNAME, LNAME, EMAIL, DOB, LASTLOGIN, DATECREATED) VALUES (64, 'Mimi', 'Flint', 'mflint@cs1555.com', TO_DATE('28-JAN-95','DD-MON-YY'), NULL, TIMESTAMP '2016-06-24 17:26:00.659');
INSERT INTO USERS(ID, FNAME, LNAME, EMAIL, DOB, LASTLOGIN, DATECREATED) VALUES (65, 'Lucila', 'Laplante', 'llaplante@cs1555.com', TO_DATE('08-FEB-95','DD-MON-YY'), NULL, TIMESTAMP '2016-06-24 19:00:37.116');
INSERT INTO USERS(ID, FNAME, LNAME, EMAIL, DOB, LASTLOGIN, DATECREATED) VALUES (66, 'Victoria', 'Massingale', 'vmassingale@cs1555.com', TO_DATE('04-JUN-95','DD-MON-YY'), NULL, TIMESTAMP '2016-06-24 22:47:24.965');
INSERT INTO USERS(ID, FNAME, LNAME, EMAIL, DOB, LASTLOGIN, DATECREATED) VALUES (67, 'Zofia', 'Hufnagel', 'zhufnagel@cs1555.com', TO_DATE('22-APR-95','DD-MON-YY'), NULL, TIMESTAMP '2016-06-25 06:26:57.300');
INSERT INTO USERS(ID, FNAME, LNAME, EMAIL, DOB, LASTLOGIN, DATECREATED) VALUES (68, 'Elida', 'Townsel', 'etownsel@cs1555.com', TO_DATE('24-APR-95','DD-MON-YY'), NULL, TIMESTAMP '2016-06-25 08:29:55.216');
INSERT INTO USERS(ID, FNAME, LNAME, EMAIL, DOB, LASTLOGIN, DATECREATED) VALUES (69, 'Deneen', 'Hegarty', 'dhegarty@cs1555.com', TO_DATE('29-APR-95','DD-MON-YY'), NULL, TIMESTAMP '2016-06-25 19:37:57.503');
INSERT INTO USERS(ID, FNAME, LNAME, EMAIL, DOB, LASTLOGIN, DATECREATED) VALUES (70, 'Alyce', 'Masden', 'amasden@cs1555.com', TO_DATE('15-MAR-95','DD-MON-YY'), NULL, TIMESTAMP '2016-06-25 20:15:03.454');
INSERT INTO USERS(ID, FNAME, LNAME, EMAIL, DOB, LASTLOGIN, DATECREATED) VALUES (71, 'Casimira', 'Vogelsang', 'cvogelsang@cs1555.com', TO_DATE('15-MAY-95','DD-MON-YY'), NULL, TIMESTAMP '2016-06-25 22:21:32.313');
INSERT INTO USERS(ID, FNAME, LNAME, EMAIL, DOB, LASTLOGIN, DATECREATED) VALUES (72, 'Hermina', 'Wakeman', 'hwakeman@cs1555.com', TO_DATE('11-APR-95','DD-MON-YY'), NULL, TIMESTAMP '2016-06-26 07:52:00.551');
INSERT INTO USERS(ID, FNAME, LNAME, EMAIL, DOB, LASTLOGIN, DATECREATED) VALUES (73, 'Mayra', 'Towell', 'mtowell@cs1555.com', TO_DATE('30-JUN-95','DD-MON-YY'), NULL, TIMESTAMP '2016-06-26 10:59:54.549');
INSERT INTO USERS(ID, FNAME, LNAME, EMAIL, DOB, LASTLOGIN, DATECREATED) VALUES (74, 'Lynda', 'Barbe', 'lbarbe@cs1555.com', TO_DATE('09-JAN-95','DD-MON-YY'), NULL, TIMESTAMP '2016-06-26 14:05:57.596');
INSERT INTO USERS(ID, FNAME, LNAME, EMAIL, DOB, LASTLOGIN, DATECREATED) VALUES (75, 'Lezlie', 'Baxley', 'lbaxley@cs1555.com', TO_DATE('14-APR-95','DD-MON-YY'), NULL, TIMESTAMP '2016-06-27 04:05:25.567');
INSERT INTO USERS(ID, FNAME, LNAME, EMAIL, DOB, LASTLOGIN, DATECREATED) VALUES (76, 'Willa', 'Moir', 'wmoir@cs1555.com', TO_DATE('28-APR-95','DD-MON-YY'), NULL, TIMESTAMP '2016-06-27 08:47:19.283');
INSERT INTO USERS(ID, FNAME, LNAME, EMAIL, DOB, LASTLOGIN, DATECREATED) VALUES (77, 'Deetta', 'Wisdom', 'dwisdom@cs1555.com', TO_DATE('02-JUN-95','DD-MON-YY'), NULL, TIMESTAMP '2016-06-27 15:51:43.947');
INSERT INTO USERS(ID, FNAME, LNAME, EMAIL, DOB, LASTLOGIN, DATECREATED) VALUES (78, 'Shakira', 'Kleiber', 'skleiber@cs1555.com', TO_DATE('16-MAR-95','DD-MON-YY'), NULL, TIMESTAMP '2016-06-28 01:26:16.754');
INSERT INTO USERS(ID, FNAME, LNAME, EMAIL, DOB, LASTLOGIN, DATECREATED) VALUES (79, 'Stacee', 'Pon', 'spon@cs1555.com', TO_DATE('02-MAY-95','DD-MON-YY'), NULL, TIMESTAMP '2016-06-28 21:55:24.231');
INSERT INTO USERS(ID, FNAME, LNAME, EMAIL, DOB, LASTLOGIN, DATECREATED) VALUES (80, 'Kareen', 'Chaput', 'kchaput@cs1555.com', TO_DATE('17-JAN-95','DD-MON-YY'), NULL, TIMESTAMP '2016-06-29 23:43:02.834');
INSERT INTO USERS(ID, FNAME, LNAME, EMAIL, DOB, LASTLOGIN, DATECREATED) VALUES (81, 'Chara', 'Bonfiglio', 'cbonfiglio@cs1555.com', TO_DATE('04-JAN-95','DD-MON-YY'), NULL, TIMESTAMP '2016-06-30 03:16:18.410');
INSERT INTO USERS(ID, FNAME, LNAME, EMAIL, DOB, LASTLOGIN, DATECREATED) VALUES (82, 'Talia', 'Chaloux', 'tchaloux@cs1555.com', TO_DATE('11-MAY-95','DD-MON-YY'), NULL, TIMESTAMP '2016-06-30 03:47:29.586');
INSERT INTO USERS(ID, FNAME, LNAME, EMAIL, DOB, LASTLOGIN, DATECREATED) VALUES (83, 'Graciela', 'Ridings', 'gridings@cs1555.com', TO_DATE('04-JAN-95','DD-MON-YY'), NULL, TIMESTAMP '2016-07-01 02:36:31.333');
INSERT INTO USERS(ID, FNAME, LNAME, EMAIL, DOB, LASTLOGIN, DATECREATED) VALUES (84, 'Sofia', 'Beaupre', 'sbeaupre@cs1555.com', TO_DATE('16-APR-95','DD-MON-YY'), NULL, TIMESTAMP '2016-07-01 15:21:46.809');
INSERT INTO USERS(ID, FNAME, LNAME, EMAIL, DOB, LASTLOGIN, DATECREATED) VALUES (85, 'Sadye', 'Hughey', 'shughey@cs1555.com', TO_DATE('05-MAR-95','DD-MON-YY'), NULL, TIMESTAMP '2016-07-01 16:19:23.180');
INSERT INTO USERS(ID, FNAME, LNAME, EMAIL, DOB, LASTLOGIN, DATECREATED) VALUES (86, 'Yetta', 'Grunewald', 'ygrunewald@cs1555.com', TO_DATE('02-FEB-95','DD-MON-YY'), NULL, TIMESTAMP '2016-07-01 17:43:15.455');
INSERT INTO USERS(ID, FNAME, LNAME, EMAIL, DOB, LASTLOGIN, DATECREATED) VALUES (87, 'Temika', 'Mcquiston', 'tmcquiston@cs1555.com', TO_DATE('12-FEB-95','DD-MON-YY'), NULL, TIMESTAMP '2016-07-01 20:19:12.663');
INSERT INTO USERS(ID, FNAME, LNAME, EMAIL, DOB, LASTLOGIN, DATECREATED) VALUES (88, 'Zenobia', 'Nuttall', 'znuttall@cs1555.com', TO_DATE('28-APR-95','DD-MON-YY'), NULL, TIMESTAMP '2016-07-02 02:02:26.171');
INSERT INTO USERS(ID, FNAME, LNAME, EMAIL, DOB, LASTLOGIN, DATECREATED) VALUES (89, 'Meagan', 'Tyer', 'mtyer@cs1555.com', TO_DATE('29-JUN-95','DD-MON-YY'), NULL, TIMESTAMP '2016-07-02 14:23:17.487');
INSERT INTO USERS(ID, FNAME, LNAME, EMAIL, DOB, LASTLOGIN, DATECREATED) VALUES (90, 'Eusebia', 'Lauterbach', 'elauterbach@cs1555.com', TO_DATE('25-FEB-95','DD-MON-YY'), NULL, TIMESTAMP '2016-07-02 22:11:55.807');
INSERT INTO USERS(ID, FNAME, LNAME, EMAIL, DOB, LASTLOGIN, DATECREATED) VALUES (91, 'Ferne', 'Haffey', 'fhaffey@cs1555.com', TO_DATE('23-FEB-95','DD-MON-YY'), NULL, TIMESTAMP '2016-07-03 00:25:53.405');
INSERT INTO USERS(ID, FNAME, LNAME, EMAIL, DOB, LASTLOGIN, DATECREATED) VALUES (92, 'Melisa', 'Finchum', 'mfinchum@cs1555.com', TO_DATE('22-FEB-95','DD-MON-YY'), NULL, TIMESTAMP '2016-07-03 00:58:42.512');
INSERT INTO USERS(ID, FNAME, LNAME, EMAIL, DOB, LASTLOGIN, DATECREATED) VALUES (93, 'Destiny', 'Durney', 'ddurney@cs1555.com', TO_DATE('09-FEB-95','DD-MON-YY'), NULL, TIMESTAMP '2016-07-03 12:51:25.541');
INSERT INTO USERS(ID, FNAME, LNAME, EMAIL, DOB, LASTLOGIN, DATECREATED) VALUES (94, 'Lavon', 'Dyer', 'ldyer@cs1555.com', TO_DATE('15-JUN-95','DD-MON-YY'), NULL, TIMESTAMP '2016-07-03 18:27:39.259');
INSERT INTO USERS(ID, FNAME, LNAME, EMAIL, DOB, LASTLOGIN, DATECREATED) VALUES (95, 'Arlette', 'Stmarie', 'astmarie@cs1555.com', TO_DATE('08-JUN-95','DD-MON-YY'), NULL, TIMESTAMP '2016-07-03 22:22:07.325');
INSERT INTO USERS(ID, FNAME, LNAME, EMAIL, DOB, LASTLOGIN, DATECREATED) VALUES (96, 'Natividad', 'Deese', 'ndeese@cs1555.com', TO_DATE('21-JUN-95','DD-MON-YY'), NULL, TIMESTAMP '2016-07-04 10:15:41.335');
INSERT INTO USERS(ID, FNAME, LNAME, EMAIL, DOB, LASTLOGIN, DATECREATED) VALUES (97, 'Toccara', 'Meas', 'tmeas@cs1555.com', TO_DATE('24-APR-95','DD-MON-YY'), NULL, TIMESTAMP '2016-07-04 22:09:41.881');
INSERT INTO USERS(ID, FNAME, LNAME, EMAIL, DOB, LASTLOGIN, DATECREATED) VALUES (98, 'Dorethea', 'Curlin', 'dcurlin@cs1555.com', TO_DATE('23-JUN-95','DD-MON-YY'), NULL, TIMESTAMP '2016-07-05 00:08:24.545');
INSERT INTO USERS(ID, FNAME, LNAME, EMAIL, DOB, LASTLOGIN, DATECREATED) VALUES (99, 'Tangela', 'Wotton', 'twotton@cs1555.com', TO_DATE('30-JAN-95','DD-MON-YY'), NULL, TIMESTAMP '2016-07-05 02:19:58.245');
INSERT INTO USERS(ID, FNAME, LNAME, EMAIL, DOB, LASTLOGIN, DATECREATED) VALUES (100, 'Katerine', 'Vanhooser', 'kvanhooser@cs1555.com', TO_DATE('09-JUN-95','DD-MON-YY'), NULL, TIMESTAMP '2016-07-06 14:09:59.173');

INSERT INTO GROUPS (ID, NAME, DESCRIPTION, LIMIT, DATECREATED) VALUES (1, 'Civil and Environmental Engineering', NULL, 4993, TIMESTAMP '2016-06-01 16:24:54.318');
INSERT INTO GROUPS (ID, NAME, DESCRIPTION, LIMIT, DATECREATED) VALUES (2, 'Mechanical Engineering', NULL, 423, TIMESTAMP '2016-06-02 00:51:16.566');
INSERT INTO GROUPS (ID, NAME, DESCRIPTION, LIMIT, DATECREATED) VALUES (3, 'Materials Science and Engineering', NULL, 7853, TIMESTAMP '2016-06-02 17:18:19.313');
INSERT INTO GROUPS (ID, NAME, DESCRIPTION, LIMIT, DATECREATED) VALUES (4, 'Architecture', NULL, 2273, TIMESTAMP '2016-06-03 03:16:22.738');
INSERT INTO GROUPS (ID, NAME, DESCRIPTION, LIMIT, DATECREATED) VALUES (5, 'Chemistry', NULL, 2382, TIMESTAMP '2016-06-03 22:39:45.741');
INSERT INTO GROUPS (ID, NAME, DESCRIPTION, LIMIT, DATECREATED) VALUES (6, 'Electrical Engineering and Computer Science', NULL, 4336, TIMESTAMP '2016-06-04 02:01:01.624');
INSERT INTO GROUPS (ID, NAME, DESCRIPTION, LIMIT, DATECREATED) VALUES (7, 'Biology', NULL, 8650, TIMESTAMP '2016-06-04 06:49:33.813');
INSERT INTO GROUPS (ID, NAME, DESCRIPTION, LIMIT, DATECREATED) VALUES (8, 'Physics', NULL, 5259, TIMESTAMP '2016-06-05 07:30:42.885');
INSERT INTO GROUPS (ID, NAME, DESCRIPTION, LIMIT, DATECREATED) VALUES (9, 'Brain and Cognitive Sciences', NULL, 1500, TIMESTAMP '2016-06-05 22:20:56.993');
INSERT INTO GROUPS (ID, NAME, DESCRIPTION, LIMIT, DATECREATED) VALUES (10, 'Chemical Engineering', NULL, 8525, TIMESTAMP '2016-06-06 18:17:55.432');
INSERT INTO GROUPS (ID, NAME, DESCRIPTION, LIMIT, DATECREATED) VALUES (11, 'Urban Studies and Planning', NULL, 2543, TIMESTAMP '2016-06-06 23:48:32.422');
INSERT INTO GROUPS (ID, NAME, DESCRIPTION, LIMIT, DATECREATED) VALUES (12, 'Earth, Atmospheric, and Planetary Sciences', NULL, 4695, TIMESTAMP '2016-06-07 00:34:49.630');
INSERT INTO GROUPS (ID, NAME, DESCRIPTION, LIMIT, DATECREATED) VALUES (13, 'Economics', NULL, 4456, TIMESTAMP '2016-06-07 02:04:01.795');
INSERT INTO GROUPS (ID, NAME, DESCRIPTION, LIMIT, DATECREATED) VALUES (14, 'Management', NULL, 186, TIMESTAMP '2016-06-07 04:18:55.106');
INSERT INTO GROUPS (ID, NAME, DESCRIPTION, LIMIT, DATECREATED) VALUES (15, 'Aeronautics and Astronautics', NULL, 669, TIMESTAMP '2016-06-07 07:38:08.334');
INSERT INTO GROUPS (ID, NAME, DESCRIPTION, LIMIT, DATECREATED) VALUES (16, 'Political Science', NULL, 8983, TIMESTAMP '2016-06-07 19:34:22.267');
INSERT INTO GROUPS (ID, NAME, DESCRIPTION, LIMIT, DATECREATED) VALUES (17, 'Mathematics', NULL, 5681, TIMESTAMP '2016-06-08 00:48:38.988');
INSERT INTO GROUPS (ID, NAME, DESCRIPTION, LIMIT, DATECREATED) VALUES (18, 'Biological Engineering', NULL, 507, TIMESTAMP '2016-06-08 12:11:54.215');
INSERT INTO GROUPS (ID, NAME, DESCRIPTION, LIMIT, DATECREATED) VALUES (19, 'Humanities', NULL, 6227, TIMESTAMP '2016-06-09 21:02:21.115');
INSERT INTO GROUPS (ID, NAME, DESCRIPTION, LIMIT, DATECREATED) VALUES (20, 'Anthropology', NULL, 6054, TIMESTAMP '2016-06-10 02:33:14.104');
INSERT INTO GROUPS (ID, NAME, DESCRIPTION, LIMIT, DATECREATED) VALUES (21, 'Global Studies and Languages', NULL, 4086, TIMESTAMP '2016-06-10 10:07:04.817');
INSERT INTO GROUPS (ID, NAME, DESCRIPTION, LIMIT, DATECREATED) VALUES (22, 'History', NULL, 7861, TIMESTAMP '2016-06-10 12:55:59.292');
INSERT INTO GROUPS (ID, NAME, DESCRIPTION, LIMIT, DATECREATED) VALUES (23, 'Literature', NULL, 1093, TIMESTAMP '2016-06-10 20:41:27.477');
INSERT INTO GROUPS (ID, NAME, DESCRIPTION, LIMIT, DATECREATED) VALUES (24, 'Music and Theater Arts', NULL, 4265, TIMESTAMP '2016-06-10 21:13:35.538');
INSERT INTO GROUPS (ID, NAME, DESCRIPTION, LIMIT, DATECREATED) VALUES (25, 'Writing', NULL, 7239, TIMESTAMP '2016-06-10 22:55:05.970');
INSERT INTO GROUPS (ID, NAME, DESCRIPTION, LIMIT, DATECREATED) VALUES (26, 'Nuclear Science and Engineering', NULL, 6469, TIMESTAMP '2016-06-11 03:25:13.879');
INSERT INTO GROUPS (ID, NAME, DESCRIPTION, LIMIT, DATECREATED) VALUES (27, 'Linguistics and Philosophy', NULL, 9780, TIMESTAMP '2016-06-11 12:22:08.999');
INSERT INTO GROUPS (ID, NAME, DESCRIPTION, LIMIT, DATECREATED) VALUES (28, 'Comparative Media Studies', NULL, 4693, TIMESTAMP '2016-06-11 12:43:47.899');
INSERT INTO GROUPS (ID, NAME, DESCRIPTION, LIMIT, DATECREATED) VALUES (29, 'Computational and Systems Biology', NULL, 7668, TIMESTAMP '2016-06-11 13:39:05.489');
INSERT INTO GROUPS (ID, NAME, DESCRIPTION, LIMIT, DATECREATED) VALUES (30, 'Engineering Systems', NULL, 3347, TIMESTAMP '2016-06-12 04:51:53.209');
INSERT INTO GROUPS (ID, NAME, DESCRIPTION, LIMIT, DATECREATED) VALUES (31, 'Health Sciences and Technology', NULL, 896, TIMESTAMP '2016-06-12 18:30:15.334');
INSERT INTO GROUPS (ID, NAME, DESCRIPTION, LIMIT, DATECREATED) VALUES (32, 'Media Arts and Sciences', NULL, 6066, TIMESTAMP '2016-06-13 12:56:41.266');
INSERT INTO GROUPS (ID, NAME, DESCRIPTION, LIMIT, DATECREATED) VALUES (33, 'Science, Technology, and Society', NULL, 2797, TIMESTAMP '2016-06-13 19:20:58.978');
INSERT INTO GROUPS (ID, NAME, DESCRIPTION, LIMIT, DATECREATED) VALUES (34, 'Concourse Program', NULL, 3928, TIMESTAMP '2016-06-14 05:45:59.340');
INSERT INTO GROUPS (ID, NAME, DESCRIPTION, LIMIT, DATECREATED) VALUES (35, 'Edgerton Center', NULL, 6910, TIMESTAMP '2016-06-14 18:01:28.668');
INSERT INTO GROUPS (ID, NAME, DESCRIPTION, LIMIT, DATECREATED) VALUES (36, 'Experimental Study Group', NULL, 5370, TIMESTAMP '2016-06-14 18:15:31.962');
INSERT INTO GROUPS (ID, NAME, DESCRIPTION, LIMIT, DATECREATED) VALUES (37, 'Aerospace Studies', NULL, 53, TIMESTAMP '2016-06-15 08:52:13.522');
INSERT INTO GROUPS (ID, NAME, DESCRIPTION, LIMIT, DATECREATED) VALUES (38, 'Military Science', NULL, 958, TIMESTAMP '2016-06-15 19:12:59.926');
INSERT INTO GROUPS (ID, NAME, DESCRIPTION, LIMIT, DATECREATED) VALUES (39, 'Naval Science', NULL, 9598, TIMESTAMP '2016-06-15 20:32:26.487');
INSERT INTO GROUPS (ID, NAME, DESCRIPTION, LIMIT, DATECREATED) VALUES (40, 'Special Programs', NULL, 4301, TIMESTAMP '2016-06-16 12:59:21.551');
INSERT INTO GROUPS (ID, NAME, DESCRIPTION, LIMIT, DATECREATED) VALUES (41, 'Engineering School-Wide Electives', NULL, 2414, TIMESTAMP '2016-06-17 00:33:20.753');
INSERT INTO GROUPS (ID, NAME, DESCRIPTION, LIMIT, DATECREATED) VALUES (42, 'Women''s and Gender Studies', NULL, 9174, TIMESTAMP '2016-06-17 01:10:44.503');

INSERT INTO FRIENDSHIPS (USERID, FRIENDID, APPROVED, DATEAPPROVED) VALUES (23, 30, 0, NULL);
INSERT INTO FRIENDSHIPS (USERID, FRIENDID, APPROVED, DATEAPPROVED) VALUES (17, 81, 1, TIMESTAMP '2016-07-03 05:51:55.765');
INSERT INTO FRIENDSHIPS (USERID, FRIENDID, APPROVED, DATEAPPROVED) VALUES (25, 66, 1, TIMESTAMP '2016-07-01 17:59:50.133');
INSERT INTO FRIENDSHIPS (USERID, FRIENDID, APPROVED, DATEAPPROVED) VALUES (17, 72, 1, TIMESTAMP '2016-07-07 11:30:59.604');
INSERT INTO FRIENDSHIPS (USERID, FRIENDID, APPROVED, DATEAPPROVED) VALUES (10, 54, 1, TIMESTAMP '2016-07-01 16:34:36.662');
INSERT INTO FRIENDSHIPS (USERID, FRIENDID, APPROVED, DATEAPPROVED) VALUES (13, 92, 1, TIMESTAMP '2016-07-06 03:41:38.552');
INSERT INTO FRIENDSHIPS (USERID, FRIENDID, APPROVED, DATEAPPROVED) VALUES (14, 87, 1, TIMESTAMP '2016-07-01 04:13:57.276');
INSERT INTO FRIENDSHIPS (USERID, FRIENDID, APPROVED, DATEAPPROVED) VALUES (11, 48, 1, TIMESTAMP '2016-07-04 16:31:02.228');
INSERT INTO FRIENDSHIPS (USERID, FRIENDID, APPROVED, DATEAPPROVED) VALUES (10, 41, 1, TIMESTAMP '2016-07-03 07:14:27.888');
INSERT INTO FRIENDSHIPS (USERID, FRIENDID, APPROVED, DATEAPPROVED) VALUES (18, 71, 0, NULL);
INSERT INTO FRIENDSHIPS (USERID, FRIENDID, APPROVED, DATEAPPROVED) VALUES (4, 35, 0, NULL);
INSERT INTO FRIENDSHIPS (USERID, FRIENDID, APPROVED, DATEAPPROVED) VALUES (6, 86, 1, TIMESTAMP '2016-07-05 13:30:35.220');
INSERT INTO FRIENDSHIPS (USERID, FRIENDID, APPROVED, DATEAPPROVED) VALUES (1, 39, 0, NULL);
INSERT INTO FRIENDSHIPS (USERID, FRIENDID, APPROVED, DATEAPPROVED) VALUES (19, 61, 0, NULL);
INSERT INTO FRIENDSHIPS (USERID, FRIENDID, APPROVED, DATEAPPROVED) VALUES (7, 71, 1, TIMESTAMP '2016-07-02 16:59:09.935');
INSERT INTO FRIENDSHIPS (USERID, FRIENDID, APPROVED, DATEAPPROVED) VALUES (12, 53, 0, NULL);
INSERT INTO FRIENDSHIPS (USERID, FRIENDID, APPROVED, DATEAPPROVED) VALUES (6, 73, 0, NULL);
INSERT INTO FRIENDSHIPS (USERID, FRIENDID, APPROVED, DATEAPPROVED) VALUES (8, 38, 1, TIMESTAMP '2016-07-05 17:59:30.616');
INSERT INTO FRIENDSHIPS (USERID, FRIENDID, APPROVED, DATEAPPROVED) VALUES (10, 39, 0, NULL);
INSERT INTO FRIENDSHIPS (USERID, FRIENDID, APPROVED, DATEAPPROVED) VALUES (12, 99, 0, NULL);
INSERT INTO FRIENDSHIPS (USERID, FRIENDID, APPROVED, DATEAPPROVED) VALUES (11, 43, 1, TIMESTAMP '2016-07-02 10:56:30.961');
INSERT INTO FRIENDSHIPS (USERID, FRIENDID, APPROVED, DATEAPPROVED) VALUES (19, 71, 1, TIMESTAMP '2016-07-07 11:54:59.872');
INSERT INTO FRIENDSHIPS (USERID, FRIENDID, APPROVED, DATEAPPROVED) VALUES (22, 31, 1, TIMESTAMP '2016-07-04 01:00:29.198');
INSERT INTO FRIENDSHIPS (USERID, FRIENDID, APPROVED, DATEAPPROVED) VALUES (4, 32, 1, TIMESTAMP '2016-07-03 01:45:41.805');
INSERT INTO FRIENDSHIPS (USERID, FRIENDID, APPROVED, DATEAPPROVED) VALUES (17, 92, 1, TIMESTAMP '2016-07-04 01:36:37.449');
INSERT INTO FRIENDSHIPS (USERID, FRIENDID, APPROVED, DATEAPPROVED) VALUES (9, 26, 1, TIMESTAMP '2016-07-07 08:04:10.910');
INSERT INTO FRIENDSHIPS (USERID, FRIENDID, APPROVED, DATEAPPROVED) VALUES (3, 88, 1, TIMESTAMP '2016-07-02 18:08:26.780');
INSERT INTO FRIENDSHIPS (USERID, FRIENDID, APPROVED, DATEAPPROVED) VALUES (25, 43, 0, NULL);
INSERT INTO FRIENDSHIPS (USERID, FRIENDID, APPROVED, DATEAPPROVED) VALUES (17, 50, 1, TIMESTAMP '2016-07-07 03:37:09.370');
INSERT INTO FRIENDSHIPS (USERID, FRIENDID, APPROVED, DATEAPPROVED) VALUES (24, 99, 1, TIMESTAMP '2016-07-06 06:00:43.814');
INSERT INTO FRIENDSHIPS (USERID, FRIENDID, APPROVED, DATEAPPROVED) VALUES (10, 88, 1, TIMESTAMP '2016-07-01 21:25:39.294');
INSERT INTO FRIENDSHIPS (USERID, FRIENDID, APPROVED, DATEAPPROVED) VALUES (18, 51, 1, TIMESTAMP '2016-07-05 22:54:21.503');
INSERT INTO FRIENDSHIPS (USERID, FRIENDID, APPROVED, DATEAPPROVED) VALUES (20, 77, 0, NULL);
INSERT INTO FRIENDSHIPS (USERID, FRIENDID, APPROVED, DATEAPPROVED) VALUES (4, 60, 0, NULL);
INSERT INTO FRIENDSHIPS (USERID, FRIENDID, APPROVED, DATEAPPROVED) VALUES (24, 79, 0, NULL);
INSERT INTO FRIENDSHIPS (USERID, FRIENDID, APPROVED, DATEAPPROVED) VALUES (5, 95, 0, NULL);
INSERT INTO FRIENDSHIPS (USERID, FRIENDID, APPROVED, DATEAPPROVED) VALUES (12, 56, 0, NULL);
INSERT INTO FRIENDSHIPS (USERID, FRIENDID, APPROVED, DATEAPPROVED) VALUES (14, 51, 0, NULL);
INSERT INTO FRIENDSHIPS (USERID, FRIENDID, APPROVED, DATEAPPROVED) VALUES (4, 96, 1, TIMESTAMP '2016-07-03 14:48:45.982');
INSERT INTO FRIENDSHIPS (USERID, FRIENDID, APPROVED, DATEAPPROVED) VALUES (25, 69, 1, TIMESTAMP '2016-07-07 00:50:26.867');
INSERT INTO FRIENDSHIPS (USERID, FRIENDID, APPROVED, DATEAPPROVED) VALUES (3, 85, 1, TIMESTAMP '2016-07-02 17:57:00.385');
INSERT INTO FRIENDSHIPS (USERID, FRIENDID, APPROVED, DATEAPPROVED) VALUES (20, 33, 1, TIMESTAMP '2016-07-02 13:31:33.851');
INSERT INTO FRIENDSHIPS (USERID, FRIENDID, APPROVED, DATEAPPROVED) VALUES (7, 51, 0, NULL);
INSERT INTO FRIENDSHIPS (USERID, FRIENDID, APPROVED, DATEAPPROVED) VALUES (24, 49, 0, NULL);
INSERT INTO FRIENDSHIPS (USERID, FRIENDID, APPROVED, DATEAPPROVED) VALUES (24, 59, 1, TIMESTAMP '2016-07-06 01:17:02.383');
INSERT INTO FRIENDSHIPS (USERID, FRIENDID, APPROVED, DATEAPPROVED) VALUES (22, 94, 1, TIMESTAMP '2016-07-05 14:48:11.228');
INSERT INTO FRIENDSHIPS (USERID, FRIENDID, APPROVED, DATEAPPROVED) VALUES (13, 90, 1, TIMESTAMP '2016-07-03 04:19:46.286');
INSERT INTO FRIENDSHIPS (USERID, FRIENDID, APPROVED, DATEAPPROVED) VALUES (18, 27, 0, NULL);
INSERT INTO FRIENDSHIPS (USERID, FRIENDID, APPROVED, DATEAPPROVED) VALUES (6, 40, 1, TIMESTAMP '2016-07-05 08:53:37.719');
INSERT INTO FRIENDSHIPS (USERID, FRIENDID, APPROVED, DATEAPPROVED) VALUES (14, 41, 0, NULL);
INSERT INTO FRIENDSHIPS (USERID, FRIENDID, APPROVED, DATEAPPROVED) VALUES (12, 33, 0, NULL);
INSERT INTO FRIENDSHIPS (USERID, FRIENDID, APPROVED, DATEAPPROVED) VALUES (5, 79, 1, TIMESTAMP '2016-07-03 22:18:07.325');
INSERT INTO FRIENDSHIPS (USERID, FRIENDID, APPROVED, DATEAPPROVED) VALUES (17, 29, 0, NULL);
INSERT INTO FRIENDSHIPS (USERID, FRIENDID, APPROVED, DATEAPPROVED) VALUES (19, 96, 0, NULL);
INSERT INTO FRIENDSHIPS (USERID, FRIENDID, APPROVED, DATEAPPROVED) VALUES (11, 74, 1, TIMESTAMP '2016-07-01 09:18:13.952');
INSERT INTO FRIENDSHIPS (USERID, FRIENDID, APPROVED, DATEAPPROVED) VALUES (20, 65, 0, NULL);
INSERT INTO FRIENDSHIPS (USERID, FRIENDID, APPROVED, DATEAPPROVED) VALUES (22, 82, 1, TIMESTAMP '2016-07-02 00:14:42.123');
INSERT INTO FRIENDSHIPS (USERID, FRIENDID, APPROVED, DATEAPPROVED) VALUES (1, 90, 0, NULL);
INSERT INTO FRIENDSHIPS (USERID, FRIENDID, APPROVED, DATEAPPROVED) VALUES (21, 31, 0, NULL);
INSERT INTO FRIENDSHIPS (USERID, FRIENDID, APPROVED, DATEAPPROVED) VALUES (16, 100, 1, TIMESTAMP '2016-07-07 11:32:11.245');
INSERT INTO FRIENDSHIPS (USERID, FRIENDID, APPROVED, DATEAPPROVED) VALUES (5, 94, 0, NULL);
INSERT INTO FRIENDSHIPS (USERID, FRIENDID, APPROVED, DATEAPPROVED) VALUES (12, 77, 0, NULL);
INSERT INTO FRIENDSHIPS (USERID, FRIENDID, APPROVED, DATEAPPROVED) VALUES (1, 53, 1, TIMESTAMP '2016-07-04 00:38:27.615');
INSERT INTO FRIENDSHIPS (USERID, FRIENDID, APPROVED, DATEAPPROVED) VALUES (8, 85, 0, NULL);
INSERT INTO FRIENDSHIPS (USERID, FRIENDID, APPROVED, DATEAPPROVED) VALUES (8, 37, 1, TIMESTAMP '2016-07-01 00:47:17.293');
INSERT INTO FRIENDSHIPS (USERID, FRIENDID, APPROVED, DATEAPPROVED) VALUES (25, 61, 1, TIMESTAMP '2016-07-01 07:29:22.415');
INSERT INTO FRIENDSHIPS (USERID, FRIENDID, APPROVED, DATEAPPROVED) VALUES (16, 44, 0, NULL);
INSERT INTO FRIENDSHIPS (USERID, FRIENDID, APPROVED, DATEAPPROVED) VALUES (24, 94, 0, NULL);
INSERT INTO FRIENDSHIPS (USERID, FRIENDID, APPROVED, DATEAPPROVED) VALUES (19, 83, 0, NULL);
INSERT INTO FRIENDSHIPS (USERID, FRIENDID, APPROVED, DATEAPPROVED) VALUES (4, 38, 0, NULL);
INSERT INTO FRIENDSHIPS (USERID, FRIENDID, APPROVED, DATEAPPROVED) VALUES (24, 62, 1, TIMESTAMP '2016-07-04 21:58:09.338');
INSERT INTO FRIENDSHIPS (USERID, FRIENDID, APPROVED, DATEAPPROVED) VALUES (4, 87, 1, TIMESTAMP '2016-07-03 14:57:58.969');
INSERT INTO FRIENDSHIPS (USERID, FRIENDID, APPROVED, DATEAPPROVED) VALUES (24, 30, 0, NULL);
INSERT INTO FRIENDSHIPS (USERID, FRIENDID, APPROVED, DATEAPPROVED) VALUES (16, 29, 1, TIMESTAMP '2016-07-02 10:31:27.950');
INSERT INTO FRIENDSHIPS (USERID, FRIENDID, APPROVED, DATEAPPROVED) VALUES (18, 48, 1, TIMESTAMP '2016-07-05 11:35:22.327');
INSERT INTO FRIENDSHIPS (USERID, FRIENDID, APPROVED, DATEAPPROVED) VALUES (5, 42, 0, NULL);
INSERT INTO FRIENDSHIPS (USERID, FRIENDID, APPROVED, DATEAPPROVED) VALUES (6, 100, 1, TIMESTAMP '2016-07-06 17:38:51.142');
INSERT INTO FRIENDSHIPS (USERID, FRIENDID, APPROVED, DATEAPPROVED) VALUES (25, 60, 0, NULL);
INSERT INTO FRIENDSHIPS (USERID, FRIENDID, APPROVED, DATEAPPROVED) VALUES (9, 44, 0, NULL);
INSERT INTO FRIENDSHIPS (USERID, FRIENDID, APPROVED, DATEAPPROVED) VALUES (21, 67, 1, TIMESTAMP '2016-07-03 14:47:12.256');
INSERT INTO FRIENDSHIPS (USERID, FRIENDID, APPROVED, DATEAPPROVED) VALUES (14, 47, 0, NULL);
INSERT INTO FRIENDSHIPS (USERID, FRIENDID, APPROVED, DATEAPPROVED) VALUES (23, 41, 0, NULL);
INSERT INTO FRIENDSHIPS (USERID, FRIENDID, APPROVED, DATEAPPROVED) VALUES (15, 67, 0, NULL);
INSERT INTO FRIENDSHIPS (USERID, FRIENDID, APPROVED, DATEAPPROVED) VALUES (1, 26, 0, NULL);
INSERT INTO FRIENDSHIPS (USERID, FRIENDID, APPROVED, DATEAPPROVED) VALUES (5, 67, 0, NULL);
INSERT INTO FRIENDSHIPS (USERID, FRIENDID, APPROVED, DATEAPPROVED) VALUES (6, 50, 0, NULL);
INSERT INTO FRIENDSHIPS (USERID, FRIENDID, APPROVED, DATEAPPROVED) VALUES (21, 28, 0, NULL);
INSERT INTO FRIENDSHIPS (USERID, FRIENDID, APPROVED, DATEAPPROVED) VALUES (24, 29, 1, TIMESTAMP '2016-07-06 20:27:25.192');
INSERT INTO FRIENDSHIPS (USERID, FRIENDID, APPROVED, DATEAPPROVED) VALUES (11, 95, 0, NULL);
INSERT INTO FRIENDSHIPS (USERID, FRIENDID, APPROVED, DATEAPPROVED) VALUES (21, 54, 1, TIMESTAMP '2016-07-02 18:19:32.182');
INSERT INTO FRIENDSHIPS (USERID, FRIENDID, APPROVED, DATEAPPROVED) VALUES (13, 63, 0, NULL);
INSERT INTO FRIENDSHIPS (USERID, FRIENDID, APPROVED, DATEAPPROVED) VALUES (5, 81, 1, TIMESTAMP '2016-07-05 18:48:12.774');
INSERT INTO FRIENDSHIPS (USERID, FRIENDID, APPROVED, DATEAPPROVED) VALUES (10, 36, 0, NULL);
INSERT INTO FRIENDSHIPS (USERID, FRIENDID, APPROVED, DATEAPPROVED) VALUES (20, 94, 0, NULL);
INSERT INTO FRIENDSHIPS (USERID, FRIENDID, APPROVED, DATEAPPROVED) VALUES (19, 42, 1, TIMESTAMP '2016-07-02 14:03:09.393');
INSERT INTO FRIENDSHIPS (USERID, FRIENDID, APPROVED, DATEAPPROVED) VALUES (19, 57, 1, TIMESTAMP '2016-07-01 17:42:35.652');
INSERT INTO FRIENDSHIPS (USERID, FRIENDID, APPROVED, DATEAPPROVED) VALUES (7, 91, 0, NULL);
INSERT INTO FRIENDSHIPS (USERID, FRIENDID, APPROVED, DATEAPPROVED) VALUES (19, 63, 1, TIMESTAMP '2016-07-03 08:53:59.913');
INSERT INTO FRIENDSHIPS (USERID, FRIENDID, APPROVED, DATEAPPROVED) VALUES (1, 85, 1, TIMESTAMP '2016-07-04 08:59:15.376');
INSERT INTO FRIENDSHIPS (USERID, FRIENDID, APPROVED, DATEAPPROVED) VALUES (17, 93, 0, NULL);
INSERT INTO FRIENDSHIPS (USERID, FRIENDID, APPROVED, DATEAPPROVED) VALUES (17, 94, 0, NULL);
INSERT INTO FRIENDSHIPS (USERID, FRIENDID, APPROVED, DATEAPPROVED) VALUES (17, 99, 0, NULL);
INSERT INTO FRIENDSHIPS (USERID, FRIENDID, APPROVED, DATEAPPROVED) VALUES (9, 86, 1, TIMESTAMP '2016-07-04 14:18:50.128');
INSERT INTO FRIENDSHIPS (USERID, FRIENDID, APPROVED, DATEAPPROVED) VALUES (15, 37, 0, NULL);
INSERT INTO FRIENDSHIPS (USERID, FRIENDID, APPROVED, DATEAPPROVED) VALUES (4, 92, 1, TIMESTAMP '2016-07-03 21:48:07.849');
INSERT INTO FRIENDSHIPS (USERID, FRIENDID, APPROVED, DATEAPPROVED) VALUES (9, 67, 0, NULL);
INSERT INTO FRIENDSHIPS (USERID, FRIENDID, APPROVED, DATEAPPROVED) VALUES (11, 45, 0, NULL);
INSERT INTO FRIENDSHIPS (USERID, FRIENDID, APPROVED, DATEAPPROVED) VALUES (21, 96, 1, TIMESTAMP '2016-07-07 04:09:04.658');
INSERT INTO FRIENDSHIPS (USERID, FRIENDID, APPROVED, DATEAPPROVED) VALUES (1, 92, 1, TIMESTAMP '2016-07-04 22:05:04.558');
INSERT INTO FRIENDSHIPS (USERID, FRIENDID, APPROVED, DATEAPPROVED) VALUES (1, 80, 0, NULL);
INSERT INTO FRIENDSHIPS (USERID, FRIENDID, APPROVED, DATEAPPROVED) VALUES (5, 42, 0, NULL);
INSERT INTO FRIENDSHIPS (USERID, FRIENDID, APPROVED, DATEAPPROVED) VALUES (25, 64, 1, TIMESTAMP '2016-07-04 03:25:01.310');
INSERT INTO FRIENDSHIPS (USERID, FRIENDID, APPROVED, DATEAPPROVED) VALUES (20, 28, 0, NULL);
INSERT INTO FRIENDSHIPS (USERID, FRIENDID, APPROVED, DATEAPPROVED) VALUES (20, 39, 1, TIMESTAMP '2016-07-05 03:04:29.872');
INSERT INTO FRIENDSHIPS (USERID, FRIENDID, APPROVED, DATEAPPROVED) VALUES (8, 35, 1, TIMESTAMP '2016-07-01 09:26:45.416');
INSERT INTO FRIENDSHIPS (USERID, FRIENDID, APPROVED, DATEAPPROVED) VALUES (2, 87, 0, NULL);
INSERT INTO FRIENDSHIPS (USERID, FRIENDID, APPROVED, DATEAPPROVED) VALUES (1, 84, 1, TIMESTAMP '2016-07-03 15:03:23.317');
INSERT INTO FRIENDSHIPS (USERID, FRIENDID, APPROVED, DATEAPPROVED) VALUES (1, 55, 1, TIMESTAMP '2016-07-02 03:50:00.255');
INSERT INTO FRIENDSHIPS (USERID, FRIENDID, APPROVED, DATEAPPROVED) VALUES (16, 80, 0, NULL);
INSERT INTO FRIENDSHIPS (USERID, FRIENDID, APPROVED, DATEAPPROVED) VALUES (20, 51, 1, TIMESTAMP '2016-07-05 01:56:35.510');
INSERT INTO FRIENDSHIPS (USERID, FRIENDID, APPROVED, DATEAPPROVED) VALUES (15, 42, 1, TIMESTAMP '2016-07-05 14:57:22.201');
INSERT INTO FRIENDSHIPS (USERID, FRIENDID, APPROVED, DATEAPPROVED) VALUES (13, 66, 1, TIMESTAMP '2016-07-04 07:15:46.412');
INSERT INTO FRIENDSHIPS (USERID, FRIENDID, APPROVED, DATEAPPROVED) VALUES (7, 98, 0, NULL);
INSERT INTO FRIENDSHIPS (USERID, FRIENDID, APPROVED, DATEAPPROVED) VALUES (17, 28, 1, TIMESTAMP '2016-07-04 22:36:22.522');
INSERT INTO FRIENDSHIPS (USERID, FRIENDID, APPROVED, DATEAPPROVED) VALUES (21, 74, 0, NULL);
INSERT INTO FRIENDSHIPS (USERID, FRIENDID, APPROVED, DATEAPPROVED) VALUES (1, 99, 0, NULL);
INSERT INTO FRIENDSHIPS (USERID, FRIENDID, APPROVED, DATEAPPROVED) VALUES (12, 43, 1, TIMESTAMP '2016-07-06 12:54:49.976');
INSERT INTO FRIENDSHIPS (USERID, FRIENDID, APPROVED, DATEAPPROVED) VALUES (21, 43, 0, NULL);
INSERT INTO FRIENDSHIPS (USERID, FRIENDID, APPROVED, DATEAPPROVED) VALUES (13, 68, 1, TIMESTAMP '2016-07-03 03:55:50.660');
INSERT INTO FRIENDSHIPS (USERID, FRIENDID, APPROVED, DATEAPPROVED) VALUES (3, 92, 0, NULL);
INSERT INTO FRIENDSHIPS (USERID, FRIENDID, APPROVED, DATEAPPROVED) VALUES (2, 39, 0, NULL);
INSERT INTO FRIENDSHIPS (USERID, FRIENDID, APPROVED, DATEAPPROVED) VALUES (25, 35, 1, TIMESTAMP '2016-07-02 06:50:43.528');
INSERT INTO FRIENDSHIPS (USERID, FRIENDID, APPROVED, DATEAPPROVED) VALUES (6, 38, 1, TIMESTAMP '2016-07-02 14:15:45.380');
INSERT INTO FRIENDSHIPS (USERID, FRIENDID, APPROVED, DATEAPPROVED) VALUES (8, 73, 0, NULL);
INSERT INTO FRIENDSHIPS (USERID, FRIENDID, APPROVED, DATEAPPROVED) VALUES (20, 89, 1, TIMESTAMP '2016-07-07 03:51:08.579');
INSERT INTO FRIENDSHIPS (USERID, FRIENDID, APPROVED, DATEAPPROVED) VALUES (22, 53, 0, NULL);
INSERT INTO FRIENDSHIPS (USERID, FRIENDID, APPROVED, DATEAPPROVED) VALUES (7, 42, 0, NULL);
INSERT INTO FRIENDSHIPS (USERID, FRIENDID, APPROVED, DATEAPPROVED) VALUES (24, 32, 0, NULL);
INSERT INTO FRIENDSHIPS (USERID, FRIENDID, APPROVED, DATEAPPROVED) VALUES (11, 49, 1, TIMESTAMP '2016-07-02 16:28:04.853');
INSERT INTO FRIENDSHIPS (USERID, FRIENDID, APPROVED, DATEAPPROVED) VALUES (15, 80, 1, TIMESTAMP '2016-07-06 21:20:49.595');
INSERT INTO FRIENDSHIPS (USERID, FRIENDID, APPROVED, DATEAPPROVED) VALUES (18, 38, 0, NULL);
INSERT INTO FRIENDSHIPS (USERID, FRIENDID, APPROVED, DATEAPPROVED) VALUES (5, 51, 1, TIMESTAMP '2016-07-02 23:03:44.984');
INSERT INTO FRIENDSHIPS (USERID, FRIENDID, APPROVED, DATEAPPROVED) VALUES (19, 66, 1, TIMESTAMP '2016-07-01 17:30:55.933');
INSERT INTO FRIENDSHIPS (USERID, FRIENDID, APPROVED, DATEAPPROVED) VALUES (7, 75, 1, TIMESTAMP '2016-07-03 05:13:09.188');
INSERT INTO FRIENDSHIPS (USERID, FRIENDID, APPROVED, DATEAPPROVED) VALUES (14, 60, 0, NULL);
INSERT INTO FRIENDSHIPS (USERID, FRIENDID, APPROVED, DATEAPPROVED) VALUES (22, 40, 0, NULL);
INSERT INTO FRIENDSHIPS (USERID, FRIENDID, APPROVED, DATEAPPROVED) VALUES (9, 36, 0, NULL);
INSERT INTO FRIENDSHIPS (USERID, FRIENDID, APPROVED, DATEAPPROVED) VALUES (17, 98, 0, NULL);
INSERT INTO FRIENDSHIPS (USERID, FRIENDID, APPROVED, DATEAPPROVED) VALUES (10, 57, 0, NULL);
INSERT INTO FRIENDSHIPS (USERID, FRIENDID, APPROVED, DATEAPPROVED) VALUES (1, 61, 1, TIMESTAMP '2016-07-06 11:08:13.318');
INSERT INTO FRIENDSHIPS (USERID, FRIENDID, APPROVED, DATEAPPROVED) VALUES (10, 45, 0, NULL);
INSERT INTO FRIENDSHIPS (USERID, FRIENDID, APPROVED, DATEAPPROVED) VALUES (9, 92, 1, TIMESTAMP '2016-07-07 06:07:06.843');
INSERT INTO FRIENDSHIPS (USERID, FRIENDID, APPROVED, DATEAPPROVED) VALUES (20, 31, 1, TIMESTAMP '2016-07-01 20:44:58.122');
INSERT INTO FRIENDSHIPS (USERID, FRIENDID, APPROVED, DATEAPPROVED) VALUES (12, 81, 1, TIMESTAMP '2016-07-02 04:42:00.451');
INSERT INTO FRIENDSHIPS (USERID, FRIENDID, APPROVED, DATEAPPROVED) VALUES (1, 70, 1, TIMESTAMP '2016-07-03 04:14:09.973');
INSERT INTO FRIENDSHIPS (USERID, FRIENDID, APPROVED, DATEAPPROVED) VALUES (14, 95, 1, TIMESTAMP '2016-07-02 00:15:30.930');
INSERT INTO FRIENDSHIPS (USERID, FRIENDID, APPROVED, DATEAPPROVED) VALUES (18, 47, 1, TIMESTAMP '2016-07-02 03:41:50.624');
INSERT INTO FRIENDSHIPS (USERID, FRIENDID, APPROVED, DATEAPPROVED) VALUES (22, 37, 0, NULL);
INSERT INTO FRIENDSHIPS (USERID, FRIENDID, APPROVED, DATEAPPROVED) VALUES (14, 28, 0, NULL);
INSERT INTO FRIENDSHIPS (USERID, FRIENDID, APPROVED, DATEAPPROVED) VALUES (10, 46, 1, TIMESTAMP '2016-07-01 13:19:28.719');
INSERT INTO FRIENDSHIPS (USERID, FRIENDID, APPROVED, DATEAPPROVED) VALUES (12, 82, 0, NULL);
INSERT INTO FRIENDSHIPS (USERID, FRIENDID, APPROVED, DATEAPPROVED) VALUES (11, 68, 0, NULL);
INSERT INTO FRIENDSHIPS (USERID, FRIENDID, APPROVED, DATEAPPROVED) VALUES (5, 27, 1, TIMESTAMP '2016-07-07 23:38:32.286');
INSERT INTO FRIENDSHIPS (USERID, FRIENDID, APPROVED, DATEAPPROVED) VALUES (16, 65, 0, NULL);
INSERT INTO FRIENDSHIPS (USERID, FRIENDID, APPROVED, DATEAPPROVED) VALUES (11, 46, 1, TIMESTAMP '2016-07-06 03:03:30.857');
INSERT INTO FRIENDSHIPS (USERID, FRIENDID, APPROVED, DATEAPPROVED) VALUES (3, 45, 0, NULL);
INSERT INTO FRIENDSHIPS (USERID, FRIENDID, APPROVED, DATEAPPROVED) VALUES (2, 35, 0, NULL);
INSERT INTO FRIENDSHIPS (USERID, FRIENDID, APPROVED, DATEAPPROVED) VALUES (20, 62, 1, TIMESTAMP '2016-07-01 17:32:43.667');
INSERT INTO FRIENDSHIPS (USERID, FRIENDID, APPROVED, DATEAPPROVED) VALUES (25, 26, 0, NULL);
INSERT INTO FRIENDSHIPS (USERID, FRIENDID, APPROVED, DATEAPPROVED) VALUES (14, 45, 1, TIMESTAMP '2016-07-01 07:22:00.723');
INSERT INTO FRIENDSHIPS (USERID, FRIENDID, APPROVED, DATEAPPROVED) VALUES (3, 72, 0, NULL);
INSERT INTO FRIENDSHIPS (USERID, FRIENDID, APPROVED, DATEAPPROVED) VALUES (8, 42, 0, NULL);
INSERT INTO FRIENDSHIPS (USERID, FRIENDID, APPROVED, DATEAPPROVED) VALUES (4, 50, 0, NULL);
INSERT INTO FRIENDSHIPS (USERID, FRIENDID, APPROVED, DATEAPPROVED) VALUES (22, 87, 0, NULL);
INSERT INTO FRIENDSHIPS (USERID, FRIENDID, APPROVED, DATEAPPROVED) VALUES (7, 58, 0, NULL);
INSERT INTO FRIENDSHIPS (USERID, FRIENDID, APPROVED, DATEAPPROVED) VALUES (25, 51, 1, TIMESTAMP '2016-07-06 23:17:36.842');
INSERT INTO FRIENDSHIPS (USERID, FRIENDID, APPROVED, DATEAPPROVED) VALUES (9, 87, 1, TIMESTAMP '2016-07-01 14:58:16.448');
INSERT INTO FRIENDSHIPS (USERID, FRIENDID, APPROVED, DATEAPPROVED) VALUES (18, 60, 1, TIMESTAMP '2016-07-02 06:56:24.604');
INSERT INTO FRIENDSHIPS (USERID, FRIENDID, APPROVED, DATEAPPROVED) VALUES (3, 30, 1, TIMESTAMP '2016-07-07 13:59:11.283');
INSERT INTO FRIENDSHIPS (USERID, FRIENDID, APPROVED, DATEAPPROVED) VALUES (21, 50, 0, NULL);
INSERT INTO FRIENDSHIPS (USERID, FRIENDID, APPROVED, DATEAPPROVED) VALUES (12, 67, 0, NULL);
INSERT INTO FRIENDSHIPS (USERID, FRIENDID, APPROVED, DATEAPPROVED) VALUES (14, 75, 1, TIMESTAMP '2016-07-01 15:10:20.996');
INSERT INTO FRIENDSHIPS (USERID, FRIENDID, APPROVED, DATEAPPROVED) VALUES (7, 65, 1, TIMESTAMP '2016-07-04 16:16:00.471');
INSERT INTO FRIENDSHIPS (USERID, FRIENDID, APPROVED, DATEAPPROVED) VALUES (22, 86, 1, TIMESTAMP '2016-07-05 02:13:13.589');
INSERT INTO FRIENDSHIPS (USERID, FRIENDID, APPROVED, DATEAPPROVED) VALUES (10, 71, 1, TIMESTAMP '2016-07-06 00:09:25.651');
INSERT INTO FRIENDSHIPS (USERID, FRIENDID, APPROVED, DATEAPPROVED) VALUES (3, 73, 0, NULL);
INSERT INTO FRIENDSHIPS (USERID, FRIENDID, APPROVED, DATEAPPROVED) VALUES (2, 48, 0, NULL);
INSERT INTO FRIENDSHIPS (USERID, FRIENDID, APPROVED, DATEAPPROVED) VALUES (6, 62, 0, NULL);
INSERT INTO FRIENDSHIPS (USERID, FRIENDID, APPROVED, DATEAPPROVED) VALUES (23, 32, 0, NULL);
INSERT INTO FRIENDSHIPS (USERID, FRIENDID, APPROVED, DATEAPPROVED) VALUES (5, 96, 1, TIMESTAMP '2016-07-03 07:04:26.905');
INSERT INTO FRIENDSHIPS (USERID, FRIENDID, APPROVED, DATEAPPROVED) VALUES (21, 94, 0, NULL);
INSERT INTO FRIENDSHIPS (USERID, FRIENDID, APPROVED, DATEAPPROVED) VALUES (18, 54, 0, NULL);
INSERT INTO FRIENDSHIPS (USERID, FRIENDID, APPROVED, DATEAPPROVED) VALUES (9, 96, 0, NULL);
INSERT INTO FRIENDSHIPS (USERID, FRIENDID, APPROVED, DATEAPPROVED) VALUES (8, 99, 1, TIMESTAMP '2016-07-07 20:34:51.462');
INSERT INTO FRIENDSHIPS (USERID, FRIENDID, APPROVED, DATEAPPROVED) VALUES (11, 37, 0, NULL);
INSERT INTO FRIENDSHIPS (USERID, FRIENDID, APPROVED, DATEAPPROVED) VALUES (13, 91, 0, NULL);
INSERT INTO FRIENDSHIPS (USERID, FRIENDID, APPROVED, DATEAPPROVED) VALUES (24, 95, 1, TIMESTAMP '2016-07-07 13:42:11.665');
INSERT INTO FRIENDSHIPS (USERID, FRIENDID, APPROVED, DATEAPPROVED) VALUES (18, 29, 1, TIMESTAMP '2016-07-04 09:23:24.121');
INSERT INTO FRIENDSHIPS (USERID, FRIENDID, APPROVED, DATEAPPROVED) VALUES (25, 92, 1, TIMESTAMP '2016-07-03 11:37:36.811');
INSERT INTO FRIENDSHIPS (USERID, FRIENDID, APPROVED, DATEAPPROVED) VALUES (10, 92, 0, NULL);
INSERT INTO FRIENDSHIPS (USERID, FRIENDID, APPROVED, DATEAPPROVED) VALUES (16, 37, 1, TIMESTAMP '2016-07-03 16:03:49.124');
INSERT INTO FRIENDSHIPS (USERID, FRIENDID, APPROVED, DATEAPPROVED) VALUES (10, 94, 1, TIMESTAMP '2016-07-05 00:07:32.715');
INSERT INTO FRIENDSHIPS (USERID, FRIENDID, APPROVED, DATEAPPROVED) VALUES (15, 29, 1, TIMESTAMP '2016-07-02 11:32:23.503');
INSERT INTO FRIENDSHIPS (USERID, FRIENDID, APPROVED, DATEAPPROVED) VALUES (8, 93, 1, TIMESTAMP '2016-07-03 17:36:12.348');
INSERT INTO FRIENDSHIPS (USERID, FRIENDID, APPROVED, DATEAPPROVED) VALUES (16, 55, 1, TIMESTAMP '2016-07-06 11:21:01.478');
INSERT INTO FRIENDSHIPS (USERID, FRIENDID, APPROVED, DATEAPPROVED) VALUES (18, 61, 1, TIMESTAMP '2016-07-04 13:28:57.558');
INSERT INTO FRIENDSHIPS (USERID, FRIENDID, APPROVED, DATEAPPROVED) VALUES (1, 73, 0, NULL);
INSERT INTO FRIENDSHIPS (USERID, FRIENDID, APPROVED, DATEAPPROVED) VALUES (23, 64, 0, NULL);
INSERT INTO FRIENDSHIPS (USERID, FRIENDID, APPROVED, DATEAPPROVED) VALUES (2, 82, 0, NULL);
INSERT INTO FRIENDSHIPS (USERID, FRIENDID, APPROVED, DATEAPPROVED) VALUES (10, 56, 1, TIMESTAMP '2016-07-06 12:17:05.302');
INSERT INTO FRIENDSHIPS (USERID, FRIENDID, APPROVED, DATEAPPROVED) VALUES (17, 70, 0, NULL);
INSERT INTO FRIENDSHIPS (USERID, FRIENDID, APPROVED, DATEAPPROVED) VALUES (18, 99, 0, NULL);
INSERT INTO FRIENDSHIPS (USERID, FRIENDID, APPROVED, DATEAPPROVED) VALUES (16, 76, 1, TIMESTAMP '2016-07-07 02:50:39.806');
INSERT INTO FRIENDSHIPS (USERID, FRIENDID, APPROVED, DATEAPPROVED) VALUES (16, 45, 0, NULL);
INSERT INTO FRIENDSHIPS (USERID, FRIENDID, APPROVED, DATEAPPROVED) VALUES (13, 51, 0, NULL);
INSERT INTO FRIENDSHIPS (USERID, FRIENDID, APPROVED, DATEAPPROVED) VALUES (4, 88, 0, NULL);
INSERT INTO FRIENDSHIPS (USERID, FRIENDID, APPROVED, DATEAPPROVED) VALUES (5, 56, 0, NULL);
INSERT INTO FRIENDSHIPS (USERID, FRIENDID, APPROVED, DATEAPPROVED) VALUES (10, 49, 0, NULL);
INSERT INTO FRIENDSHIPS (USERID, FRIENDID, APPROVED, DATEAPPROVED) VALUES (7, 36, 1, TIMESTAMP '2016-07-05 09:52:37.898');
INSERT INTO FRIENDSHIPS (USERID, FRIENDID, APPROVED, DATEAPPROVED) VALUES (4, 64, 0, NULL);
INSERT INTO FRIENDSHIPS (USERID, FRIENDID, APPROVED, DATEAPPROVED) VALUES (6, 36, 1, TIMESTAMP '2016-07-03 23:54:31.959');
INSERT INTO FRIENDSHIPS (USERID, FRIENDID, APPROVED, DATEAPPROVED) VALUES (21, 51, 0, NULL);
INSERT INTO FRIENDSHIPS (USERID, FRIENDID, APPROVED, DATEAPPROVED) VALUES (16, 91, 0, NULL);
INSERT INTO FRIENDSHIPS (USERID, FRIENDID, APPROVED, DATEAPPROVED) VALUES (25, 76, 0, NULL);
INSERT INTO FRIENDSHIPS (USERID, FRIENDID, APPROVED, DATEAPPROVED) VALUES (9, 76, 0, NULL);
INSERT INTO FRIENDSHIPS (USERID, FRIENDID, APPROVED, DATEAPPROVED) VALUES (13, 80, 0, NULL);
INSERT INTO FRIENDSHIPS (USERID, FRIENDID, APPROVED, DATEAPPROVED) VALUES (18, 95, 0, NULL);
INSERT INTO FRIENDSHIPS (USERID, FRIENDID, APPROVED, DATEAPPROVED) VALUES (13, 75, 1, TIMESTAMP '2016-07-05 20:08:31.319');
INSERT INTO FRIENDSHIPS (USERID, FRIENDID, APPROVED, DATEAPPROVED) VALUES (15, 87, 1, TIMESTAMP '2016-07-02 22:04:15.323');
INSERT INTO FRIENDSHIPS (USERID, FRIENDID, APPROVED, DATEAPPROVED) VALUES (16, 46, 1, TIMESTAMP '2016-07-05 08:58:45.320');
INSERT INTO FRIENDSHIPS (USERID, FRIENDID, APPROVED, DATEAPPROVED) VALUES (3, 47, 0, NULL);
INSERT INTO FRIENDSHIPS (USERID, FRIENDID, APPROVED, DATEAPPROVED) VALUES (15, 63, 0, NULL);
INSERT INTO FRIENDSHIPS (USERID, FRIENDID, APPROVED, DATEAPPROVED) VALUES (17, 74, 0, NULL);
INSERT INTO FRIENDSHIPS (USERID, FRIENDID, APPROVED, DATEAPPROVED) VALUES (22, 97, 0, NULL);
INSERT INTO FRIENDSHIPS (USERID, FRIENDID, APPROVED, DATEAPPROVED) VALUES (24, 60, 1, TIMESTAMP '2016-07-01 19:42:39.460');
INSERT INTO FRIENDSHIPS (USERID, FRIENDID, APPROVED, DATEAPPROVED) VALUES (9, 61, 1, TIMESTAMP '2016-07-02 11:03:55.674');
INSERT INTO FRIENDSHIPS (USERID, FRIENDID, APPROVED, DATEAPPROVED) VALUES (10, 61, 1, TIMESTAMP '2016-07-04 21:41:25.703');
INSERT INTO FRIENDSHIPS (USERID, FRIENDID, APPROVED, DATEAPPROVED) VALUES (1, 78, 0, NULL);
INSERT INTO FRIENDSHIPS (USERID, FRIENDID, APPROVED, DATEAPPROVED) VALUES (16, 69, 1, TIMESTAMP '2016-07-01 04:27:16.208');
INSERT INTO FRIENDSHIPS (USERID, FRIENDID, APPROVED, DATEAPPROVED) VALUES (5, 47, 1, TIMESTAMP '2016-07-07 09:49:06.283');
INSERT INTO FRIENDSHIPS (USERID, FRIENDID, APPROVED, DATEAPPROVED) VALUES (8, 76, 0, NULL);
INSERT INTO FRIENDSHIPS (USERID, FRIENDID, APPROVED, DATEAPPROVED) VALUES (4, 54, 1, TIMESTAMP '2016-07-05 04:54:31.761');
INSERT INTO FRIENDSHIPS (USERID, FRIENDID, APPROVED, DATEAPPROVED) VALUES (12, 48, 1, TIMESTAMP '2016-07-06 12:25:32.402');
INSERT INTO FRIENDSHIPS (USERID, FRIENDID, APPROVED, DATEAPPROVED) VALUES (10, 50, 1, TIMESTAMP '2016-07-05 12:14:23.623');
INSERT INTO FRIENDSHIPS (USERID, FRIENDID, APPROVED, DATEAPPROVED) VALUES (15, 52, 0, NULL);
INSERT INTO FRIENDSHIPS (USERID, FRIENDID, APPROVED, DATEAPPROVED) VALUES (3, 52, 0, NULL);
INSERT INTO FRIENDSHIPS (USERID, FRIENDID, APPROVED, DATEAPPROVED) VALUES (5, 59, 1, TIMESTAMP '2016-07-05 21:34:49.689');
INSERT INTO FRIENDSHIPS (USERID, FRIENDID, APPROVED, DATEAPPROVED) VALUES (25, 46, 0, NULL);
INSERT INTO FRIENDSHIPS (USERID, FRIENDID, APPROVED, DATEAPPROVED) VALUES (14, 71, 1, TIMESTAMP '2016-07-07 21:32:10.253');
INSERT INTO FRIENDSHIPS (USERID, FRIENDID, APPROVED, DATEAPPROVED) VALUES (15, 54, 1, TIMESTAMP '2016-07-06 05:01:38.333');
INSERT INTO FRIENDSHIPS (USERID, FRIENDID, APPROVED, DATEAPPROVED) VALUES (21, 75, 0, NULL);
INSERT INTO FRIENDSHIPS (USERID, FRIENDID, APPROVED, DATEAPPROVED) VALUES (10, 76, 0, NULL);
INSERT INTO FRIENDSHIPS (USERID, FRIENDID, APPROVED, DATEAPPROVED) VALUES (18, 85, 1, TIMESTAMP '2016-07-02 23:49:05.232');
INSERT INTO FRIENDSHIPS (USERID, FRIENDID, APPROVED, DATEAPPROVED) VALUES (18, 62, 1, TIMESTAMP '2016-07-05 16:54:08.528');
INSERT INTO FRIENDSHIPS (USERID, FRIENDID, APPROVED, DATEAPPROVED) VALUES (20, 58, 0, NULL);
INSERT INTO FRIENDSHIPS (USERID, FRIENDID, APPROVED, DATEAPPROVED) VALUES (10, 90, 1, TIMESTAMP '2016-07-04 00:31:41.542');
INSERT INTO FRIENDSHIPS (USERID, FRIENDID, APPROVED, DATEAPPROVED) VALUES (19, 69, 0, NULL);
INSERT INTO FRIENDSHIPS (USERID, FRIENDID, APPROVED, DATEAPPROVED) VALUES (17, 48, 0, NULL);
INSERT INTO FRIENDSHIPS (USERID, FRIENDID, APPROVED, DATEAPPROVED) VALUES (11, 61, 1, TIMESTAMP '2016-07-05 05:46:13.543');
INSERT INTO FRIENDSHIPS (USERID, FRIENDID, APPROVED, DATEAPPROVED) VALUES (8, 44, 0, NULL);
INSERT INTO FRIENDSHIPS (USERID, FRIENDID, APPROVED, DATEAPPROVED) VALUES (17, 100, 1, TIMESTAMP '2016-07-07 02:15:16.658');
INSERT INTO FRIENDSHIPS (USERID, FRIENDID, APPROVED, DATEAPPROVED) VALUES (18, 31, 0, NULL);
INSERT INTO FRIENDSHIPS (USERID, FRIENDID, APPROVED, DATEAPPROVED) VALUES (2, 80, 0, NULL);
INSERT INTO FRIENDSHIPS (USERID, FRIENDID, APPROVED, DATEAPPROVED) VALUES (1, 31, 1, TIMESTAMP '2016-07-07 22:07:28.815');
INSERT INTO FRIENDSHIPS (USERID, FRIENDID, APPROVED, DATEAPPROVED) VALUES (13, 31, 0, NULL);
INSERT INTO FRIENDSHIPS (USERID, FRIENDID, APPROVED, DATEAPPROVED) VALUES (2, 86, 1, TIMESTAMP '2016-07-01 16:41:49.578');
INSERT INTO FRIENDSHIPS (USERID, FRIENDID, APPROVED, DATEAPPROVED) VALUES (23, 87, 0, NULL);
INSERT INTO FRIENDSHIPS (USERID, FRIENDID, APPROVED, DATEAPPROVED) VALUES (20, 100, 0, NULL);
INSERT INTO FRIENDSHIPS (USERID, FRIENDID, APPROVED, DATEAPPROVED) VALUES (11, 55, 1, TIMESTAMP '2016-07-06 07:20:09.518');
INSERT INTO FRIENDSHIPS (USERID, FRIENDID, APPROVED, DATEAPPROVED) VALUES (17, 83, 1, TIMESTAMP '2016-07-01 09:11:39.157');
INSERT INTO FRIENDSHIPS (USERID, FRIENDID, APPROVED, DATEAPPROVED) VALUES (10, 47, 0, NULL);
INSERT INTO FRIENDSHIPS (USERID, FRIENDID, APPROVED, DATEAPPROVED) VALUES (11, 73, 1, TIMESTAMP '2016-07-06 03:05:50.728');
INSERT INTO FRIENDSHIPS (USERID, FRIENDID, APPROVED, DATEAPPROVED) VALUES (17, 41, 1, TIMESTAMP '2016-07-03 09:13:07.328');
INSERT INTO FRIENDSHIPS (USERID, FRIENDID, APPROVED, DATEAPPROVED) VALUES (5, 57, 1, TIMESTAMP '2016-07-01 04:07:11.773');
INSERT INTO FRIENDSHIPS (USERID, FRIENDID, APPROVED, DATEAPPROVED) VALUES (25, 90, 0, NULL);
INSERT INTO FRIENDSHIPS (USERID, FRIENDID, APPROVED, DATEAPPROVED) VALUES (15, 74, 1, TIMESTAMP '2016-07-06 06:07:25.432');
INSERT INTO FRIENDSHIPS (USERID, FRIENDID, APPROVED, DATEAPPROVED) VALUES (12, 74, 0, NULL);
INSERT INTO FRIENDSHIPS (USERID, FRIENDID, APPROVED, DATEAPPROVED) VALUES (5, 27, 0, NULL);
INSERT INTO FRIENDSHIPS (USERID, FRIENDID, APPROVED, DATEAPPROVED) VALUES (13, 78, 0, NULL);
INSERT INTO FRIENDSHIPS (USERID, FRIENDID, APPROVED, DATEAPPROVED) VALUES (12, 83, 1, TIMESTAMP '2016-07-02 13:18:58.774');
INSERT INTO FRIENDSHIPS (USERID, FRIENDID, APPROVED, DATEAPPROVED) VALUES (17, 52, 1, TIMESTAMP '2016-07-07 08:58:38.470');

INSERT INTO GROUPMEMBERS (GROUPID, USERID, DATEJOINED) VALUES (33, 99, TIMESTAMP '2016-07-04 17:58:22.594');
INSERT INTO GROUPMEMBERS (GROUPID, USERID, DATEJOINED) VALUES (9, 58, TIMESTAMP '2016-07-06 11:11:35.512');
INSERT INTO GROUPMEMBERS (GROUPID, USERID, DATEJOINED) VALUES (42, 90, TIMESTAMP '2016-07-06 06:56:22.235');
INSERT INTO GROUPMEMBERS (GROUPID, USERID, DATEJOINED) VALUES (14, 46, TIMESTAMP '2016-07-04 01:09:54.372');
INSERT INTO GROUPMEMBERS (GROUPID, USERID, DATEJOINED) VALUES (36, 73, TIMESTAMP '2016-07-07 02:33:37.786');
INSERT INTO GROUPMEMBERS (GROUPID, USERID, DATEJOINED) VALUES (7, 53, TIMESTAMP '2016-07-04 22:37:02.753');
INSERT INTO GROUPMEMBERS (GROUPID, USERID, DATEJOINED) VALUES (12, 45, TIMESTAMP '2016-07-06 12:32:31.348');
INSERT INTO GROUPMEMBERS (GROUPID, USERID, DATEJOINED) VALUES (6, 95, TIMESTAMP '2016-07-04 10:05:56.595');
INSERT INTO GROUPMEMBERS (GROUPID, USERID, DATEJOINED) VALUES (21, 57, TIMESTAMP '2016-07-01 03:42:30.682');
INSERT INTO GROUPMEMBERS (GROUPID, USERID, DATEJOINED) VALUES (23, 55, TIMESTAMP '2016-07-05 06:17:39.483');
INSERT INTO GROUPMEMBERS (GROUPID, USERID, DATEJOINED) VALUES (22, 11, TIMESTAMP '2016-07-03 08:19:08.467');
INSERT INTO GROUPMEMBERS (GROUPID, USERID, DATEJOINED) VALUES (25, 15, TIMESTAMP '2016-07-06 23:01:28.618');
INSERT INTO GROUPMEMBERS (GROUPID, USERID, DATEJOINED) VALUES (38, 27, TIMESTAMP '2016-07-02 23:51:37.850');
INSERT INTO GROUPMEMBERS (GROUPID, USERID, DATEJOINED) VALUES (32, 57, TIMESTAMP '2016-07-07 10:18:43.579');
INSERT INTO GROUPMEMBERS (GROUPID, USERID, DATEJOINED) VALUES (29, 95, TIMESTAMP '2016-07-07 01:20:43.855');
INSERT INTO GROUPMEMBERS (GROUPID, USERID, DATEJOINED) VALUES (25, 74, TIMESTAMP '2016-07-07 18:38:10.339');
INSERT INTO GROUPMEMBERS (GROUPID, USERID, DATEJOINED) VALUES (13, 45, TIMESTAMP '2016-07-01 05:06:47.922');
INSERT INTO GROUPMEMBERS (GROUPID, USERID, DATEJOINED) VALUES (25, 19, TIMESTAMP '2016-07-03 04:43:43.998');
INSERT INTO GROUPMEMBERS (GROUPID, USERID, DATEJOINED) VALUES (32, 66, TIMESTAMP '2016-07-07 03:48:12.376');
INSERT INTO GROUPMEMBERS (GROUPID, USERID, DATEJOINED) VALUES (20, 40, TIMESTAMP '2016-07-02 01:49:01.149');
INSERT INTO GROUPMEMBERS (GROUPID, USERID, DATEJOINED) VALUES (24, 83, TIMESTAMP '2016-07-04 01:06:01.500');
INSERT INTO GROUPMEMBERS (GROUPID, USERID, DATEJOINED) VALUES (3, 62, TIMESTAMP '2016-07-03 15:08:31.674');
INSERT INTO GROUPMEMBERS (GROUPID, USERID, DATEJOINED) VALUES (32, 68, TIMESTAMP '2016-07-07 23:21:51.876');
INSERT INTO GROUPMEMBERS (GROUPID, USERID, DATEJOINED) VALUES (42, 2, TIMESTAMP '2016-07-06 07:18:50.201');
INSERT INTO GROUPMEMBERS (GROUPID, USERID, DATEJOINED) VALUES (16, 68, TIMESTAMP '2016-07-03 03:48:12.327');
INSERT INTO GROUPMEMBERS (GROUPID, USERID, DATEJOINED) VALUES (11, 16, TIMESTAMP '2016-07-01 05:51:16.879');
INSERT INTO GROUPMEMBERS (GROUPID, USERID, DATEJOINED) VALUES (36, 16, TIMESTAMP '2016-07-03 22:47:43.406');
INSERT INTO GROUPMEMBERS (GROUPID, USERID, DATEJOINED) VALUES (41, 14, TIMESTAMP '2016-07-03 03:30:38.455');
INSERT INTO GROUPMEMBERS (GROUPID, USERID, DATEJOINED) VALUES (2, 3, TIMESTAMP '2016-07-04 00:14:45.454');
INSERT INTO GROUPMEMBERS (GROUPID, USERID, DATEJOINED) VALUES (29, 18, TIMESTAMP '2016-07-01 05:13:45.868');
INSERT INTO GROUPMEMBERS (GROUPID, USERID, DATEJOINED) VALUES (38, 23, TIMESTAMP '2016-07-03 00:19:41.379');
INSERT INTO GROUPMEMBERS (GROUPID, USERID, DATEJOINED) VALUES (30, 31, TIMESTAMP '2016-07-05 11:01:24.705');
INSERT INTO GROUPMEMBERS (GROUPID, USERID, DATEJOINED) VALUES (39, 64, TIMESTAMP '2016-07-05 08:28:32.231');
INSERT INTO GROUPMEMBERS (GROUPID, USERID, DATEJOINED) VALUES (34, 68, TIMESTAMP '2016-07-04 16:44:59.823');
INSERT INTO GROUPMEMBERS (GROUPID, USERID, DATEJOINED) VALUES (30, 29, TIMESTAMP '2016-07-06 19:40:36.845');
INSERT INTO GROUPMEMBERS (GROUPID, USERID, DATEJOINED) VALUES (39, 24, TIMESTAMP '2016-07-05 03:27:09.539');
INSERT INTO GROUPMEMBERS (GROUPID, USERID, DATEJOINED) VALUES (40, 34, TIMESTAMP '2016-07-04 06:16:09.617');
INSERT INTO GROUPMEMBERS (GROUPID, USERID, DATEJOINED) VALUES (21, 87, TIMESTAMP '2016-07-01 02:58:13.736');
INSERT INTO GROUPMEMBERS (GROUPID, USERID, DATEJOINED) VALUES (7, 79, TIMESTAMP '2016-07-04 05:09:24.712');
INSERT INTO GROUPMEMBERS (GROUPID, USERID, DATEJOINED) VALUES (20, 36, TIMESTAMP '2016-07-05 08:53:22.792');
INSERT INTO GROUPMEMBERS (GROUPID, USERID, DATEJOINED) VALUES (6, 8, TIMESTAMP '2016-07-01 19:11:03.439');
INSERT INTO GROUPMEMBERS (GROUPID, USERID, DATEJOINED) VALUES (25, 25, TIMESTAMP '2016-07-07 08:34:50.388');
INSERT INTO GROUPMEMBERS (GROUPID, USERID, DATEJOINED) VALUES (35, 41, TIMESTAMP '2016-07-05 22:47:07.371');
INSERT INTO GROUPMEMBERS (GROUPID, USERID, DATEJOINED) VALUES (24, 1, TIMESTAMP '2016-07-01 21:11:19.205');
INSERT INTO GROUPMEMBERS (GROUPID, USERID, DATEJOINED) VALUES (29, 60, TIMESTAMP '2016-07-02 17:03:00.843');
INSERT INTO GROUPMEMBERS (GROUPID, USERID, DATEJOINED) VALUES (28, 78, TIMESTAMP '2016-07-04 04:51:19.915');
INSERT INTO GROUPMEMBERS (GROUPID, USERID, DATEJOINED) VALUES (36, 44, TIMESTAMP '2016-07-06 15:10:44.952');
INSERT INTO GROUPMEMBERS (GROUPID, USERID, DATEJOINED) VALUES (38, 98, TIMESTAMP '2016-07-07 20:34:08.842');
INSERT INTO GROUPMEMBERS (GROUPID, USERID, DATEJOINED) VALUES (10, 31, TIMESTAMP '2016-07-05 14:01:49.488');
INSERT INTO GROUPMEMBERS (GROUPID, USERID, DATEJOINED) VALUES (6, 60, TIMESTAMP '2016-07-03 09:01:14.616');
INSERT INTO GROUPMEMBERS (GROUPID, USERID, DATEJOINED) VALUES (22, 68, TIMESTAMP '2016-07-02 19:26:07.406');
INSERT INTO GROUPMEMBERS (GROUPID, USERID, DATEJOINED) VALUES (21, 12, TIMESTAMP '2016-07-03 00:55:23.126');
INSERT INTO GROUPMEMBERS (GROUPID, USERID, DATEJOINED) VALUES (10, 95, TIMESTAMP '2016-07-01 03:48:28.848');
INSERT INTO GROUPMEMBERS (GROUPID, USERID, DATEJOINED) VALUES (41, 30, TIMESTAMP '2016-07-03 05:35:17.796');
INSERT INTO GROUPMEMBERS (GROUPID, USERID, DATEJOINED) VALUES (25, 98, TIMESTAMP '2016-07-06 22:22:27.884');
INSERT INTO GROUPMEMBERS (GROUPID, USERID, DATEJOINED) VALUES (11, 34, TIMESTAMP '2016-07-02 23:12:07.504');
INSERT INTO GROUPMEMBERS (GROUPID, USERID, DATEJOINED) VALUES (5, 78, TIMESTAMP '2016-07-04 22:40:02.928');
INSERT INTO GROUPMEMBERS (GROUPID, USERID, DATEJOINED) VALUES (7, 9, TIMESTAMP '2016-07-06 12:12:45.900');
INSERT INTO GROUPMEMBERS (GROUPID, USERID, DATEJOINED) VALUES (41, 91, TIMESTAMP '2016-07-04 04:29:36.288');
INSERT INTO GROUPMEMBERS (GROUPID, USERID, DATEJOINED) VALUES (12, 14, TIMESTAMP '2016-07-06 15:06:45.572');
INSERT INTO GROUPMEMBERS (GROUPID, USERID, DATEJOINED) VALUES (29, 41, TIMESTAMP '2016-07-07 11:02:36.165');
INSERT INTO GROUPMEMBERS (GROUPID, USERID, DATEJOINED) VALUES (15, 79, TIMESTAMP '2016-07-03 00:48:33.714');
INSERT INTO GROUPMEMBERS (GROUPID, USERID, DATEJOINED) VALUES (30, 64, TIMESTAMP '2016-07-01 21:26:55.556');
INSERT INTO GROUPMEMBERS (GROUPID, USERID, DATEJOINED) VALUES (16, 14, TIMESTAMP '2016-07-06 08:20:33.191');
INSERT INTO GROUPMEMBERS (GROUPID, USERID, DATEJOINED) VALUES (19, 17, TIMESTAMP '2016-07-03 08:53:00.282');
INSERT INTO GROUPMEMBERS (GROUPID, USERID, DATEJOINED) VALUES (11, 30, TIMESTAMP '2016-07-06 06:23:35.292');
INSERT INTO GROUPMEMBERS (GROUPID, USERID, DATEJOINED) VALUES (17, 100, TIMESTAMP '2016-07-05 15:07:23.836');
INSERT INTO GROUPMEMBERS (GROUPID, USERID, DATEJOINED) VALUES (6, 23, TIMESTAMP '2016-07-06 18:26:40.708');
INSERT INTO GROUPMEMBERS (GROUPID, USERID, DATEJOINED) VALUES (6, 7, TIMESTAMP '2016-07-06 02:28:43.455');
INSERT INTO GROUPMEMBERS (GROUPID, USERID, DATEJOINED) VALUES (30, 60, TIMESTAMP '2016-07-02 01:06:35.905');
INSERT INTO GROUPMEMBERS (GROUPID, USERID, DATEJOINED) VALUES (33, 50, TIMESTAMP '2016-07-05 01:53:08.488');
INSERT INTO GROUPMEMBERS (GROUPID, USERID, DATEJOINED) VALUES (19, 95, TIMESTAMP '2016-07-03 17:09:47.199');
INSERT INTO GROUPMEMBERS (GROUPID, USERID, DATEJOINED) VALUES (10, 83, TIMESTAMP '2016-07-02 11:24:15.602');
INSERT INTO GROUPMEMBERS (GROUPID, USERID, DATEJOINED) VALUES (3, 37, TIMESTAMP '2016-07-04 02:29:13.935');
INSERT INTO GROUPMEMBERS (GROUPID, USERID, DATEJOINED) VALUES (31, 83, TIMESTAMP '2016-07-04 03:09:16.628');
INSERT INTO GROUPMEMBERS (GROUPID, USERID, DATEJOINED) VALUES (13, 43, TIMESTAMP '2016-07-06 13:22:55.826');
INSERT INTO GROUPMEMBERS (GROUPID, USERID, DATEJOINED) VALUES (35, 22, TIMESTAMP '2016-07-04 09:32:14.417');
INSERT INTO GROUPMEMBERS (GROUPID, USERID, DATEJOINED) VALUES (29, 69, TIMESTAMP '2016-07-02 20:12:00.207');
INSERT INTO GROUPMEMBERS (GROUPID, USERID, DATEJOINED) VALUES (30, 61, TIMESTAMP '2016-07-02 18:02:30.209');
INSERT INTO GROUPMEMBERS (GROUPID, USERID, DATEJOINED) VALUES (23, 43, TIMESTAMP '2016-07-07 18:25:28.457');
INSERT INTO GROUPMEMBERS (GROUPID, USERID, DATEJOINED) VALUES (10, 81, TIMESTAMP '2016-07-06 05:01:54.756');
INSERT INTO GROUPMEMBERS (GROUPID, USERID, DATEJOINED) VALUES (18, 39, TIMESTAMP '2016-07-06 16:44:30.734');
INSERT INTO GROUPMEMBERS (GROUPID, USERID, DATEJOINED) VALUES (30, 48, TIMESTAMP '2016-07-01 09:06:54.537');
INSERT INTO GROUPMEMBERS (GROUPID, USERID, DATEJOINED) VALUES (1, 59, TIMESTAMP '2016-07-01 17:20:06.812');
INSERT INTO GROUPMEMBERS (GROUPID, USERID, DATEJOINED) VALUES (9, 60, TIMESTAMP '2016-07-01 10:59:33.147');
INSERT INTO GROUPMEMBERS (GROUPID, USERID, DATEJOINED) VALUES (37, 11, TIMESTAMP '2016-07-06 19:30:26.803');
INSERT INTO GROUPMEMBERS (GROUPID, USERID, DATEJOINED) VALUES (9, 73, TIMESTAMP '2016-07-05 20:44:31.236');
INSERT INTO GROUPMEMBERS (GROUPID, USERID, DATEJOINED) VALUES (16, 17, TIMESTAMP '2016-07-03 10:36:49.155');
INSERT INTO GROUPMEMBERS (GROUPID, USERID, DATEJOINED) VALUES (37, 45, TIMESTAMP '2016-07-01 19:52:15.892');
INSERT INTO GROUPMEMBERS (GROUPID, USERID, DATEJOINED) VALUES (8, 86, TIMESTAMP '2016-07-01 20:17:44.850');
INSERT INTO GROUPMEMBERS (GROUPID, USERID, DATEJOINED) VALUES (6, 92, TIMESTAMP '2016-07-05 16:59:16.357');
INSERT INTO GROUPMEMBERS (GROUPID, USERID, DATEJOINED) VALUES (37, 92, TIMESTAMP '2016-07-02 01:03:06.648');
INSERT INTO GROUPMEMBERS (GROUPID, USERID, DATEJOINED) VALUES (24, 13, TIMESTAMP '2016-07-02 05:01:26.988');
INSERT INTO GROUPMEMBERS (GROUPID, USERID, DATEJOINED) VALUES (21, 4, TIMESTAMP '2016-07-04 00:35:30.848');
INSERT INTO GROUPMEMBERS (GROUPID, USERID, DATEJOINED) VALUES (34, 16, TIMESTAMP '2016-07-01 22:00:07.161');
INSERT INTO GROUPMEMBERS (GROUPID, USERID, DATEJOINED) VALUES (38, 37, TIMESTAMP '2016-07-02 21:44:29.802');
INSERT INTO GROUPMEMBERS (GROUPID, USERID, DATEJOINED) VALUES (35, 21, TIMESTAMP '2016-07-01 08:37:06.802');
INSERT INTO GROUPMEMBERS (GROUPID, USERID, DATEJOINED) VALUES (38, 61, TIMESTAMP '2016-07-03 10:33:37.452');
INSERT INTO GROUPMEMBERS (GROUPID, USERID, DATEJOINED) VALUES (27, 63, TIMESTAMP '2016-07-01 15:35:02.904');
INSERT INTO GROUPMEMBERS (GROUPID, USERID, DATEJOINED) VALUES (25, 14, TIMESTAMP '2016-07-04 17:14:02.703');

INSERT INTO MESSAGES (ID, SENDERID, SUBJECT, BODY, RECIPIENTID, DATECREATED) VALUES (1, 66, 'Called Him', 'I called him George.', 43, TIMESTAMP '2016-07-07 23:06:01.416');
INSERT INTO MESSAGES (ID, SENDERID, SUBJECT, BODY, RECIPIENTID, DATECREATED) VALUES (2, 79, 'Found The', 'They found the box empty.', 95, TIMESTAMP '2016-07-02 04:35:23.284');
INSERT INTO MESSAGES (ID, SENDERID, SUBJECT, BODY, RECIPIENTID, DATECREATED) VALUES (3, 9, 'Guards Hear', 'Those guards hear the girl crying.', 9, TIMESTAMP '2016-07-05 15:59:28.316');
INSERT INTO MESSAGES (ID, SENDERID, SUBJECT, BODY, RECIPIENTID, DATECREATED) VALUES (4, 50, 'Find The', 'I find the box empty.', 62, TIMESTAMP '2016-07-03 21:43:48.535');
INSERT INTO MESSAGES (ID, SENDERID, SUBJECT, BODY, RECIPIENTID, DATECREATED) VALUES (5, 17, 'Joanne''s Mother', 'Joanne''s mother keeps the room warm.', 43, TIMESTAMP '2016-07-01 07:59:21.538');
INSERT INTO MESSAGES (ID, SENDERID, SUBJECT, BODY, RECIPIENTID, DATECREATED) VALUES (6, 17, 'Police Officer', 'That police officer keeps the room warm.', 18, TIMESTAMP '2016-07-02 21:53:39.339');
INSERT INTO MESSAGES (ID, SENDERID, SUBJECT, BODY, RECIPIENTID, DATECREATED) VALUES (7, 74, 'Saw Him', 'I saw him swim.', 67, TIMESTAMP '2016-07-02 22:35:10.378');
INSERT INTO MESSAGES (ID, SENDERID, SUBJECT, BODY, RECIPIENTID, DATECREATED) VALUES (8, 68, 'Store Clerks', 'Those store clerks had him drive.', 81, TIMESTAMP '2016-07-07 09:00:51.490');
INSERT INTO MESSAGES (ID, SENDERID, SUBJECT, BODY, RECIPIENTID, DATECREATED) VALUES (9, 38, 'Get The', 'They get the watch fixed.', 40, TIMESTAMP '2016-07-06 03:21:44.302');
INSERT INTO MESSAGES (ID, SENDERID, SUBJECT, BODY, RECIPIENTID, DATECREATED) VALUES (10, 95, 'Hear The', 'I hear the girl crying.', 68, TIMESTAMP '2016-07-01 05:28:11.874');
INSERT INTO MESSAGES (ID, SENDERID, SUBJECT, BODY, RECIPIENTID, DATECREATED) VALUES (11, 86, 'Finds The', 'Ashley finds the box empty.', 40, TIMESTAMP '2016-07-04 23:12:31.723');
INSERT INTO MESSAGES (ID, SENDERID, SUBJECT, BODY, RECIPIENTID, DATECREATED) VALUES (12, 15, 'Kept The', 'I kept the room warm.', 22, TIMESTAMP '2016-07-02 08:18:19.854');
INSERT INTO MESSAGES (ID, SENDERID, SUBJECT, BODY, RECIPIENTID, DATECREATED) VALUES (13, 54, 'Computer Programmers', 'Those computer programmers named the ship Titanic.', 36, TIMESTAMP '2016-07-05 18:26:38.191');
INSERT INTO MESSAGES (ID, SENDERID, SUBJECT, BODY, RECIPIENTID, DATECREATED) VALUES (14, 60, 'Car Mechanic', 'That car mechanic calls him George.', 48, TIMESTAMP '2016-07-03 00:05:38.673');
INSERT INTO MESSAGES (ID, SENDERID, SUBJECT, BODY, RECIPIENTID, DATECREATED) VALUES (15, 17, 'Make Him', 'They make him cry.', 17, TIMESTAMP '2016-07-06 02:03:21.952');
INSERT INTO MESSAGES (ID, SENDERID, SUBJECT, BODY, RECIPIENTID, DATECREATED) VALUES (16, 25, 'Keeps The', 'Luke keeps the room warm.', 36, TIMESTAMP '2016-07-01 13:48:10.413');
INSERT INTO MESSAGES (ID, SENDERID, SUBJECT, BODY, RECIPIENTID, DATECREATED) VALUES (17, 1, 'Carpenters Call', 'Those carpenters call him George.', 78, TIMESTAMP '2016-07-06 15:32:22.997');
INSERT INTO MESSAGES (ID, SENDERID, SUBJECT, BODY, RECIPIENTID, DATECREATED) VALUES (18, 79, 'Politicians Named', 'Those politicians named the dog Fido.', 32, TIMESTAMP '2016-07-07 20:25:58.220');
INSERT INTO MESSAGES (ID, SENDERID, SUBJECT, BODY, RECIPIENTID, DATECREATED) VALUES (19, 79, 'Kept The', 'They kept the room warm.', 59, TIMESTAMP '2016-07-02 22:49:41.786');
INSERT INTO MESSAGES (ID, SENDERID, SUBJECT, BODY, RECIPIENTID, DATECREATED) VALUES (20, 50, 'Carpenter Hears', 'That carpenter hears the girl crying.', 22, TIMESTAMP '2016-07-05 01:48:14.600');
INSERT INTO MESSAGES (ID, SENDERID, SUBJECT, BODY, RECIPIENTID, DATECREATED) VALUES (21, 46, 'Scientists Appointed', 'Those scientists appointed him committee chairman.', 46, TIMESTAMP '2016-07-06 03:40:47.234');
INSERT INTO MESSAGES (ID, SENDERID, SUBJECT, BODY, RECIPIENTID, DATECREATED) VALUES (22, 23, 'Store Clerks', 'Those store clerks hear the girl crying.', 44, TIMESTAMP '2016-07-05 23:25:55.867');
INSERT INTO MESSAGES (ID, SENDERID, SUBJECT, BODY, RECIPIENTID, DATECREATED) VALUES (23, 73, 'Carpenters Elected', 'Those carpenters elected Bill captain of our team.', 9, TIMESTAMP '2016-07-02 09:34:08.737');
INSERT INTO MESSAGES (ID, SENDERID, SUBJECT, BODY, RECIPIENTID, DATECREATED) VALUES (24, 21, 'Johnson Elected', 'Miss Johnson elected Bill captain of our team.', 81, TIMESTAMP '2016-07-02 03:52:35.313');
INSERT INTO MESSAGES (ID, SENDERID, SUBJECT, BODY, RECIPIENTID, DATECREATED) VALUES (25, 38, 'Pilots Left', 'Those pilots left the door open.', 53, TIMESTAMP '2016-07-07 04:22:02.698');
INSERT INTO MESSAGES (ID, SENDERID, SUBJECT, BODY, RECIPIENTID, DATECREATED) VALUES (26, 22, 'Flight Attendants', 'Those flight attendants call him George.', 80, TIMESTAMP '2016-07-05 16:22:17.190');
INSERT INTO MESSAGES (ID, SENDERID, SUBJECT, BODY, RECIPIENTID, DATECREATED) VALUES (27, 45, 'Garbage Man', 'That garbage man painted the room green.', 55, TIMESTAMP '2016-07-01 02:49:59.477');
INSERT INTO MESSAGES (ID, SENDERID, SUBJECT, BODY, RECIPIENTID, DATECREATED) VALUES (28, 87, 'Teachers Hear', 'Those teachers hear the girl crying.', 28, TIMESTAMP '2016-07-07 13:51:43.633');
INSERT INTO MESSAGES (ID, SENDERID, SUBJECT, BODY, RECIPIENTID, DATECREATED) VALUES (29, 65, 'Bus Driver', 'That bus driver left the door open.', 63, TIMESTAMP '2016-07-02 05:51:30.814');
INSERT INTO MESSAGES (ID, SENDERID, SUBJECT, BODY, RECIPIENTID, DATECREATED) VALUES (30, 71, 'Barber Keeps', 'That barber keeps the milk cold.', 87, TIMESTAMP '2016-07-07 19:30:53.813');
INSERT INTO MESSAGES (ID, SENDERID, SUBJECT, BODY, RECIPIENTID, DATECREATED) VALUES (31, 92, 'Called Him', 'I called him "the pilot".', 38, TIMESTAMP '2016-07-03 02:58:26.460');
INSERT INTO MESSAGES (ID, SENDERID, SUBJECT, BODY, RECIPIENTID, DATECREATED) VALUES (32, 86, 'Elected Bill', 'I elected Bill captain of our team.', 11, TIMESTAMP '2016-07-02 20:45:05.908');
INSERT INTO MESSAGES (ID, SENDERID, SUBJECT, BODY, RECIPIENTID, DATECREATED) VALUES (33, 95, 'Called Him', 'I called him "the librarian".', 74, TIMESTAMP '2016-07-02 19:49:58.948');
INSERT INTO MESSAGES (ID, SENDERID, SUBJECT, BODY, RECIPIENTID, DATECREATED) VALUES (34, 92, 'Named The', 'I named the ship Titanic.', 48, TIMESTAMP '2016-07-02 20:53:55.294');
INSERT INTO MESSAGES (ID, SENDERID, SUBJECT, BODY, RECIPIENTID, DATECREATED) VALUES (35, 81, 'Left The', 'Abraham left the door open.', 25, TIMESTAMP '2016-07-02 05:28:14.719');
INSERT INTO MESSAGES (ID, SENDERID, SUBJECT, BODY, RECIPIENTID, DATECREATED) VALUES (36, 49, 'Called Him', 'I called him George.', 90, TIMESTAMP '2016-07-06 12:44:20.714');
INSERT INTO MESSAGES (ID, SENDERID, SUBJECT, BODY, RECIPIENTID, DATECREATED) VALUES (37, 11, 'Get The', 'They get the TV repaired.', 72, TIMESTAMP '2016-07-03 16:34:52.156');
INSERT INTO MESSAGES (ID, SENDERID, SUBJECT, BODY, RECIPIENTID, DATECREATED) VALUES (38, 69, 'Managers Appointed', 'Those managers appointed him committee chairman.', 25, TIMESTAMP '2016-07-04 17:30:33.347');
INSERT INTO MESSAGES (ID, SENDERID, SUBJECT, BODY, RECIPIENTID, DATECREATED) VALUES (39, 39, 'Call Him', 'They call him a taxi.', 45, TIMESTAMP '2016-07-04 19:04:15.613');
INSERT INTO MESSAGES (ID, SENDERID, SUBJECT, BODY, RECIPIENTID, DATECREATED) VALUES (40, 60, 'Gardeners Call', 'Those gardeners call him a taxi.', 55, TIMESTAMP '2016-07-02 06:03:51.961');
INSERT INTO MESSAGES (ID, SENDERID, SUBJECT, BODY, RECIPIENTID, DATECREATED) VALUES (41, 66, 'Got The', 'They got the watch fixed.', 10, TIMESTAMP '2016-07-06 17:22:04.588');
INSERT INTO MESSAGES (ID, SENDERID, SUBJECT, BODY, RECIPIENTID, DATECREATED) VALUES (42, 50, 'Elected Her', 'I elected her chairperson.', 91, TIMESTAMP '2016-07-05 18:02:04.855');
INSERT INTO MESSAGES (ID, SENDERID, SUBJECT, BODY, RECIPIENTID, DATECREATED) VALUES (43, 96, 'Get The', 'I get the TV repaired.', 24, TIMESTAMP '2016-07-07 18:20:54.859');
INSERT INTO MESSAGES (ID, SENDERID, SUBJECT, BODY, RECIPIENTID, DATECREATED) VALUES (44, 66, 'Find The', 'They find the box empty.', 28, TIMESTAMP '2016-07-07 05:22:11.773');
INSERT INTO MESSAGES (ID, SENDERID, SUBJECT, BODY, RECIPIENTID, DATECREATED) VALUES (45, 22, 'Called Him', 'They called him a taxi.', 35, TIMESTAMP '2016-07-02 01:07:24.910');
INSERT INTO MESSAGES (ID, SENDERID, SUBJECT, BODY, RECIPIENTID, DATECREATED) VALUES (46, 38, 'Find The', 'They find the box empty.', 47, TIMESTAMP '2016-07-02 17:48:55.344');
INSERT INTO MESSAGES (ID, SENDERID, SUBJECT, BODY, RECIPIENTID, DATECREATED) VALUES (47, 75, 'Kept The', 'Bob kept the room clean.', 27, TIMESTAMP '2016-07-02 03:25:36.767');
INSERT INTO MESSAGES (ID, SENDERID, SUBJECT, BODY, RECIPIENTID, DATECREATED) VALUES (48, 23, 'Saw Him', 'Edward saw him swim.', 81, TIMESTAMP '2016-07-01 08:19:50.744');
INSERT INTO MESSAGES (ID, SENDERID, SUBJECT, BODY, RECIPIENTID, DATECREATED) VALUES (49, 23, 'Bartenders Keep', 'Those bartenders keep the room clean.', 77, TIMESTAMP '2016-07-01 18:50:51.854');
INSERT INTO MESSAGES (ID, SENDERID, SUBJECT, BODY, RECIPIENTID, DATECREATED) VALUES (50, 50, 'See Him', 'I see him swim.', 21, TIMESTAMP '2016-07-05 02:04:13.534');
INSERT INTO MESSAGES (ID, SENDERID, SUBJECT, BODY, RECIPIENTID, DATECREATED) VALUES (51, 50, 'Plumbers Keep', 'Those plumbers keep the room warm.', 15, TIMESTAMP '2016-07-02 05:25:22.467');
INSERT INTO MESSAGES (ID, SENDERID, SUBJECT, BODY, RECIPIENTID, DATECREATED) VALUES (52, 13, 'Name The', 'They name the ship Titanic.', 100, TIMESTAMP '2016-07-02 22:49:30.309');
INSERT INTO MESSAGES (ID, SENDERID, SUBJECT, BODY, RECIPIENTID, DATECREATED) VALUES (53, 39, 'Journalist Keeps', 'That journalist keeps the room clean.', 78, TIMESTAMP '2016-07-05 21:17:23.895');
INSERT INTO MESSAGES (ID, SENDERID, SUBJECT, BODY, RECIPIENTID, DATECREATED) VALUES (54, 98, 'Elected Him', 'I elected him president.', 73, TIMESTAMP '2016-07-04 19:09:53.685');
INSERT INTO MESSAGES (ID, SENDERID, SUBJECT, BODY, RECIPIENTID, DATECREATED) VALUES (55, 93, 'Scientist Called', 'That scientist called him George.', 72, TIMESTAMP '2016-07-01 07:42:00.114');
INSERT INTO MESSAGES (ID, SENDERID, SUBJECT, BODY, RECIPIENTID, DATECREATED) VALUES (56, 79, 'Heard The', 'They heard the girl crying.', 70, TIMESTAMP '2016-07-06 18:46:52.473');
INSERT INTO MESSAGES (ID, SENDERID, SUBJECT, BODY, RECIPIENTID, DATECREATED) VALUES (57, 100, 'Science Teacher', 'That science teacher hears the girl crying.', 41, TIMESTAMP '2016-07-07 17:44:27.491');
INSERT INTO MESSAGES (ID, SENDERID, SUBJECT, BODY, RECIPIENTID, DATECREATED) VALUES (58, 45, 'Call Him', 'They call him George.', 23, TIMESTAMP '2016-07-02 03:11:42.595');
INSERT INTO MESSAGES (ID, SENDERID, SUBJECT, BODY, RECIPIENTID, DATECREATED) VALUES (59, 2, 'Got The', 'I got the watch fixed.', 73, TIMESTAMP '2016-07-07 21:47:45.168');
INSERT INTO MESSAGES (ID, SENDERID, SUBJECT, BODY, RECIPIENTID, DATECREATED) VALUES (60, 98, 'Name The', 'I name the dog Fido.', 76, TIMESTAMP '2016-07-05 10:47:05.136');
INSERT INTO MESSAGES (ID, SENDERID, SUBJECT, BODY, RECIPIENTID, DATECREATED) VALUES (61, 54, 'Doctor Keeps', 'That doctor keeps the room warm.', 67, TIMESTAMP '2016-07-01 03:00:17.901');
INSERT INTO MESSAGES (ID, SENDERID, SUBJECT, BODY, RECIPIENTID, DATECREATED) VALUES (62, 27, 'Keep The', 'I keep the milk cold.', 30, TIMESTAMP '2016-07-05 13:31:55.867');
INSERT INTO MESSAGES (ID, SENDERID, SUBJECT, BODY, RECIPIENTID, DATECREATED) VALUES (63, 3, 'Elected Him', 'Sandy elected him president.', 83, TIMESTAMP '2016-07-04 16:27:13.504');
INSERT INTO MESSAGES (ID, SENDERID, SUBJECT, BODY, RECIPIENTID, DATECREATED) VALUES (64, 45, 'Dentist Found', 'That dentist found the book interesting.', 69, TIMESTAMP '2016-07-07 08:06:35.719');
INSERT INTO MESSAGES (ID, SENDERID, SUBJECT, BODY, RECIPIENTID, DATECREATED) VALUES (65, 61, 'Called Him', 'I called him "the barber".', 92, TIMESTAMP '2016-07-04 01:29:55.849');
INSERT INTO MESSAGES (ID, SENDERID, SUBJECT, BODY, RECIPIENTID, DATECREATED) VALUES (66, 1, 'Called Him', 'They called him George.', 99, TIMESTAMP '2016-07-03 14:55:35.372');
INSERT INTO MESSAGES (ID, SENDERID, SUBJECT, BODY, RECIPIENTID, DATECREATED) VALUES (67, 5, 'Name The', 'They name the baby Susan.', 1, TIMESTAMP '2016-07-01 20:06:27.922');
INSERT INTO MESSAGES (ID, SENDERID, SUBJECT, BODY, RECIPIENTID, DATECREATED) VALUES (68, 93, 'Called Him', 'I called him "the car mechanic".', 88, TIMESTAMP '2016-07-06 20:18:47.408');
INSERT INTO MESSAGES (ID, SENDERID, SUBJECT, BODY, RECIPIENTID, DATECREATED) VALUES (69, 95, 'Called Him', 'Mike called him a taxi.', 22, TIMESTAMP '2016-07-01 22:36:13.613');
INSERT INTO MESSAGES (ID, SENDERID, SUBJECT, BODY, RECIPIENTID, DATECREATED) VALUES (70, 16, 'Lynn Named', 'Ann Lynn named the ship Titanic.', 63, TIMESTAMP '2016-07-07 23:11:33.736');
INSERT INTO MESSAGES (ID, SENDERID, SUBJECT, BODY, RECIPIENTID, DATECREATED) VALUES (71, 72, 'Hears The', 'Bob hears the girl crying.', 31, TIMESTAMP '2016-07-06 03:02:14.246');
INSERT INTO MESSAGES (ID, SENDERID, SUBJECT, BODY, RECIPIENTID, DATECREATED) VALUES (72, 76, 'Teachers Got', 'Those teachers got the watch fixed.', 94, TIMESTAMP '2016-07-06 23:34:36.891');
INSERT INTO MESSAGES (ID, SENDERID, SUBJECT, BODY, RECIPIENTID, DATECREATED) VALUES (73, 20, 'Got The', 'They got the TV repaired.', 36, TIMESTAMP '2016-07-07 08:12:33.543');
INSERT INTO MESSAGES (ID, SENDERID, SUBJECT, BODY, RECIPIENTID, DATECREATED) VALUES (74, 79, 'Garbage Man', 'That garbage man elected her chairperson.', 55, TIMESTAMP '2016-07-07 12:43:50.717');
INSERT INTO MESSAGES (ID, SENDERID, SUBJECT, BODY, RECIPIENTID, DATECREATED) VALUES (75, 95, 'Pilot Found', 'That pilot found the book interesting.', 63, TIMESTAMP '2016-07-06 05:18:56.540');
INSERT INTO MESSAGES (ID, SENDERID, SUBJECT, BODY, RECIPIENTID, DATECREATED) VALUES (76, 94, 'Cashier Appointed', 'That cashier appointed him committee chairman.', 5, TIMESTAMP '2016-07-06 05:41:43.320');
INSERT INTO MESSAGES (ID, SENDERID, SUBJECT, BODY, RECIPIENTID, DATECREATED) VALUES (77, 58, 'Name The', 'They name the baby Susan.', 38, TIMESTAMP '2016-07-01 23:19:01.435');
INSERT INTO MESSAGES (ID, SENDERID, SUBJECT, BODY, RECIPIENTID, DATECREATED) VALUES (78, 76, 'Singer Elected', 'That singer elected her chairperson.', 80, TIMESTAMP '2016-07-04 00:21:53.233');
INSERT INTO MESSAGES (ID, SENDERID, SUBJECT, BODY, RECIPIENTID, DATECREATED) VALUES (79, 94, 'Keeps The', 'Mary keeps the room warm.', 14, TIMESTAMP '2016-07-07 20:55:16.659');
INSERT INTO MESSAGES (ID, SENDERID, SUBJECT, BODY, RECIPIENTID, DATECREATED) VALUES (80, 96, 'Thief Kept', 'That thief kept the milk cold.', 81, TIMESTAMP '2016-07-03 12:57:26.274');
INSERT INTO MESSAGES (ID, SENDERID, SUBJECT, BODY, RECIPIENTID, DATECREATED) VALUES (81, 41, 'Keep The', 'I keep the room warm.', 52, TIMESTAMP '2016-07-07 18:02:52.957');
INSERT INTO MESSAGES (ID, SENDERID, SUBJECT, BODY, RECIPIENTID, DATECREATED) VALUES (82, 39, 'Called Him', 'I called him "the barber".', 33, TIMESTAMP '2016-07-07 15:00:40.915');
INSERT INTO MESSAGES (ID, SENDERID, SUBJECT, BODY, RECIPIENTID, DATECREATED) VALUES (83, 49, 'Named The', 'They named the dog Fido.', 36, TIMESTAMP '2016-07-07 13:38:18.554');
INSERT INTO MESSAGES (ID, SENDERID, SUBJECT, BODY, RECIPIENTID, DATECREATED) VALUES (84, 15, 'Photographer Made', 'That photographer made him cry.', 37, TIMESTAMP '2016-07-03 19:56:29.108');
INSERT INTO MESSAGES (ID, SENDERID, SUBJECT, BODY, RECIPIENTID, DATECREATED) VALUES (85, 33, 'Saw Him', 'Jack saw him swim.', 69, TIMESTAMP '2016-07-07 14:20:51.505');
INSERT INTO MESSAGES (ID, SENDERID, SUBJECT, BODY, RECIPIENTID, DATECREATED) VALUES (86, 35, 'Named The', 'I named the baby Susan.', 7, TIMESTAMP '2016-07-04 23:02:17.487');
INSERT INTO MESSAGES (ID, SENDERID, SUBJECT, BODY, RECIPIENTID, DATECREATED) VALUES (87, 79, 'Pilots Leave', 'Those pilots leave the door open.', 90, TIMESTAMP '2016-07-04 20:11:16.829');
INSERT INTO MESSAGES (ID, SENDERID, SUBJECT, BODY, RECIPIENTID, DATECREATED) VALUES (88, 38, 'Elected Him', 'They elected him president.', 51, TIMESTAMP '2016-07-03 15:37:25.469');
INSERT INTO MESSAGES (ID, SENDERID, SUBJECT, BODY, RECIPIENTID, DATECREATED) VALUES (89, 13, 'Called Her', 'We called her "the tired spy".', 29, TIMESTAMP '2016-07-04 22:43:40.768');
INSERT INTO MESSAGES (ID, SENDERID, SUBJECT, BODY, RECIPIENTID, DATECREATED) VALUES (90, 60, 'His Grandson', 'Paul''s grandson got the watch fixed.', 48, TIMESTAMP '2016-07-05 23:25:18.162');
INSERT INTO MESSAGES (ID, SENDERID, SUBJECT, BODY, RECIPIENTID, DATECREATED) VALUES (91, 92, 'Name The', 'They name the dog Fido.', 57, TIMESTAMP '2016-07-01 01:17:31.445');
INSERT INTO MESSAGES (ID, SENDERID, SUBJECT, BODY, RECIPIENTID, DATECREATED) VALUES (92, 19, 'Kept The', 'They kept the room clean.', 92, TIMESTAMP '2016-07-06 17:34:12.833');
INSERT INTO MESSAGES (ID, SENDERID, SUBJECT, BODY, RECIPIENTID, DATECREATED) VALUES (93, 12, 'His Niece', 'Alfred''s niece makes him cry.', 71, TIMESTAMP '2016-07-05 14:52:21.684');
INSERT INTO MESSAGES (ID, SENDERID, SUBJECT, BODY, RECIPIENTID, DATECREATED) VALUES (94, 50, 'Computer Programmer', 'That computer programmer keeps the room warm.', 38, TIMESTAMP '2016-07-03 21:03:00.409');
INSERT INTO MESSAGES (ID, SENDERID, SUBJECT, BODY, RECIPIENTID, DATECREATED) VALUES (95, 97, 'Named The', 'I named the ship Titanic.', 28, TIMESTAMP '2016-07-06 23:26:32.952');
INSERT INTO MESSAGES (ID, SENDERID, SUBJECT, BODY, RECIPIENTID, DATECREATED) VALUES (96, 44, 'Heard The', 'I heard the girl crying.', 71, TIMESTAMP '2016-07-03 20:34:32.489');
INSERT INTO MESSAGES (ID, SENDERID, SUBJECT, BODY, RECIPIENTID, DATECREATED) VALUES (97, 56, 'Lawyer Keeps', 'That lawyer keeps the room warm.', 40, TIMESTAMP '2016-07-02 21:18:52.399');
INSERT INTO MESSAGES (ID, SENDERID, SUBJECT, BODY, RECIPIENTID, DATECREATED) VALUES (98, 5, 'Called Him', 'I called him "the musician".', 67, TIMESTAMP '2016-07-06 00:13:05.631');
INSERT INTO MESSAGES (ID, SENDERID, SUBJECT, BODY, RECIPIENTID, DATECREATED) VALUES (99, 15, 'Teacher Called', 'That teacher called him a taxi.', 9, TIMESTAMP '2016-07-04 09:47:52.358');
INSERT INTO MESSAGES (ID, SENDERID, SUBJECT, BODY, RECIPIENTID, DATECREATED) VALUES (100, 77, 'Police Officer', 'That police officer finds the box empty.', 3, TIMESTAMP '2016-07-06 12:18:25.783');
INSERT INTO MESSAGES (ID, SENDERID, SUBJECT, BODY, RECIPIENTID, DATECREATED) VALUES (101, 27, 'Heard The', 'I heard the girl crying.', 35, TIMESTAMP '2016-07-06 21:59:00.523');
INSERT INTO MESSAGES (ID, SENDERID, SUBJECT, BODY, RECIPIENTID, DATECREATED) VALUES (102, 7, 'Science Teachers', 'Those science teachers left the door open.', 8, TIMESTAMP '2016-07-04 17:19:42.856');
INSERT INTO MESSAGES (ID, SENDERID, SUBJECT, BODY, RECIPIENTID, DATECREATED) VALUES (103, 15, 'Call Him', 'I call him George.', 83, TIMESTAMP '2016-07-07 14:43:43.128');
INSERT INTO MESSAGES (ID, SENDERID, SUBJECT, BODY, RECIPIENTID, DATECREATED) VALUES (104, 30, 'Called Her', 'We called her "the famous janitor".', 38, TIMESTAMP '2016-07-01 05:52:33.361');
INSERT INTO MESSAGES (ID, SENDERID, SUBJECT, BODY, RECIPIENTID, DATECREATED) VALUES (105, 68, 'Named The', 'I named the dog Fido.', 20, TIMESTAMP '2016-07-07 14:58:11.277');
INSERT INTO MESSAGES (ID, SENDERID, SUBJECT, BODY, RECIPIENTID, DATECREATED) VALUES (106, 15, 'Car Mechanics', 'Those car mechanics named the dog Fido.', 51, TIMESTAMP '2016-07-07 15:23:53.927');
INSERT INTO MESSAGES (ID, SENDERID, SUBJECT, BODY, RECIPIENTID, DATECREATED) VALUES (107, 30, 'Guard Keeps', 'That guard keeps the room warm.', 51, TIMESTAMP '2016-07-06 00:22:11.723');
INSERT INTO MESSAGES (ID, SENDERID, SUBJECT, BODY, RECIPIENTID, DATECREATED) VALUES (108, 26, 'Student Kept', 'That student kept the milk cold.', 53, TIMESTAMP '2016-07-05 17:46:12.546');
INSERT INTO MESSAGES (ID, SENDERID, SUBJECT, BODY, RECIPIENTID, DATECREATED) VALUES (109, 53, 'Journalist Left', 'That journalist left the door open.', 79, TIMESTAMP '2016-07-05 11:38:53.583');
INSERT INTO MESSAGES (ID, SENDERID, SUBJECT, BODY, RECIPIENTID, DATECREATED) VALUES (110, 41, 'Called Her', 'We called her "the sad store clerk".', 99, TIMESTAMP '2016-07-06 22:39:03.346');
INSERT INTO MESSAGES (ID, SENDERID, SUBJECT, BODY, RECIPIENTID, DATECREATED) VALUES (111, 75, 'Make Him', 'They make him cry.', 18, TIMESTAMP '2016-07-07 18:33:05.785');
INSERT INTO MESSAGES (ID, SENDERID, SUBJECT, BODY, RECIPIENTID, DATECREATED) VALUES (112, 2, 'Cashier Appointed', 'That cashier appointed him committee chairman.', 25, TIMESTAMP '2016-07-02 11:19:32.676');
INSERT INTO MESSAGES (ID, SENDERID, SUBJECT, BODY, RECIPIENTID, DATECREATED) VALUES (113, 19, 'Barber Elected', 'That barber elected her chairperson.', 67, TIMESTAMP '2016-07-05 12:51:14.711');
INSERT INTO MESSAGES (ID, SENDERID, SUBJECT, BODY, RECIPIENTID, DATECREATED) VALUES (114, 84, 'Flight Attendant', 'That flight attendant calls him a taxi.', 64, TIMESTAMP '2016-07-02 19:51:54.949');
INSERT INTO MESSAGES (ID, SENDERID, SUBJECT, BODY, RECIPIENTID, DATECREATED) VALUES (115, 40, 'Called Him', 'I called him "the photographer".', 87, TIMESTAMP '2016-07-04 11:55:22.386');
INSERT INTO MESSAGES (ID, SENDERID, SUBJECT, BODY, RECIPIENTID, DATECREATED) VALUES (116, 94, 'Politicians Call', 'Those politicians call him a taxi.', 73, TIMESTAMP '2016-07-07 01:41:54.996');
INSERT INTO MESSAGES (ID, SENDERID, SUBJECT, BODY, RECIPIENTID, DATECREATED) VALUES (117, 1, 'Kept The', 'Michael kept the milk cold.', 2, TIMESTAMP '2016-07-07 08:47:53.459');
INSERT INTO MESSAGES (ID, SENDERID, SUBJECT, BODY, RECIPIENTID, DATECREATED) VALUES (118, 4, 'Called Him', 'I called him "the garbage man".', 84, TIMESTAMP '2016-07-06 16:50:49.786');
INSERT INTO MESSAGES (ID, SENDERID, SUBJECT, BODY, RECIPIENTID, DATECREATED) VALUES (119, 38, 'Plumber Called', 'That plumber called him George.', 33, TIMESTAMP '2016-07-07 21:57:52.834');
INSERT INTO MESSAGES (ID, SENDERID, SUBJECT, BODY, RECIPIENTID, DATECREATED) VALUES (120, 42, 'Called Him', 'I called him "the garbage man".', 44, TIMESTAMP '2016-07-04 04:43:28.375');
INSERT INTO MESSAGES (ID, SENDERID, SUBJECT, BODY, RECIPIENTID, DATECREATED) VALUES (121, 91, 'Elected Her', 'I elected her chairperson.', 82, TIMESTAMP '2016-07-03 10:45:58.789');
INSERT INTO MESSAGES (ID, SENDERID, SUBJECT, BODY, RECIPIENTID, DATECREATED) VALUES (122, 34, 'Found The', 'They found the book interesting.', 33, TIMESTAMP '2016-07-07 10:32:06.438');
INSERT INTO MESSAGES (ID, SENDERID, SUBJECT, BODY, RECIPIENTID, DATECREATED) VALUES (123, 66, 'Police Officer', 'That police officer left the door open.', 50, TIMESTAMP '2016-07-07 10:07:39.946');
INSERT INTO MESSAGES (ID, SENDERID, SUBJECT, BODY, RECIPIENTID, DATECREATED) VALUES (124, 15, 'Store Clerk', 'That store clerk hears the girl crying.', 39, TIMESTAMP '2016-07-02 00:57:38.276');
INSERT INTO MESSAGES (ID, SENDERID, SUBJECT, BODY, RECIPIENTID, DATECREATED) VALUES (125, 2, 'Guards Name', 'Those guards name the ship Titanic.', 71, TIMESTAMP '2016-07-02 12:24:08.485');
INSERT INTO MESSAGES (ID, SENDERID, SUBJECT, BODY, RECIPIENTID, DATECREATED) VALUES (126, 72, 'Leaves The', 'Marty leaves the door open.', 43, TIMESTAMP '2016-07-03 03:17:29.577');
INSERT INTO MESSAGES (ID, SENDERID, SUBJECT, BODY, RECIPIENTID, DATECREATED) VALUES (127, 89, 'Called Him', 'I called him "the photographer".', 69, TIMESTAMP '2016-07-03 07:02:25.488');
INSERT INTO MESSAGES (ID, SENDERID, SUBJECT, BODY, RECIPIENTID, DATECREATED) VALUES (128, 51, 'Called Him', 'I called him "the manager".', 67, TIMESTAMP '2016-07-04 15:25:51.104');
INSERT INTO MESSAGES (ID, SENDERID, SUBJECT, BODY, RECIPIENTID, DATECREATED) VALUES (129, 90, 'Called Him', 'I called him "the teacher".', 58, TIMESTAMP '2016-07-03 03:24:51.690');
INSERT INTO MESSAGES (ID, SENDERID, SUBJECT, BODY, RECIPIENTID, DATECREATED) VALUES (130, 88, 'Called Her', 'We called her "the helpful farmer".', 98, TIMESTAMP '2016-07-05 13:37:37.467');
INSERT INTO MESSAGES (ID, SENDERID, SUBJECT, BODY, RECIPIENTID, DATECREATED) VALUES (131, 35, 'Called Him', 'I called him "the store clerk".', 50, TIMESTAMP '2016-07-04 05:37:42.719');
INSERT INTO MESSAGES (ID, SENDERID, SUBJECT, BODY, RECIPIENTID, DATECREATED) VALUES (132, 100, 'Called Him', 'I called him a taxi.', 2, TIMESTAMP '2016-07-06 13:11:57.637');
INSERT INTO MESSAGES (ID, SENDERID, SUBJECT, BODY, RECIPIENTID, DATECREATED) VALUES (133, 45, 'Photographers Keep', 'Those photographers keep the room warm.', 93, TIMESTAMP '2016-07-02 04:06:27.228');
INSERT INTO MESSAGES (ID, SENDERID, SUBJECT, BODY, RECIPIENTID, DATECREATED) VALUES (134, 32, 'Politician Heard', 'That politician heard the girl crying.', 73, TIMESTAMP '2016-07-02 01:21:08.425');
INSERT INTO MESSAGES (ID, SENDERID, SUBJECT, BODY, RECIPIENTID, DATECREATED) VALUES (135, 72, 'Kept The', 'I kept the milk cold.', 28, TIMESTAMP '2016-07-01 13:42:36.984');
INSERT INTO MESSAGES (ID, SENDERID, SUBJECT, BODY, RECIPIENTID, DATECREATED) VALUES (136, 96, 'Garbage Man', 'That garbage man found the book interesting.', 37, TIMESTAMP '2016-07-04 03:07:48.402');
INSERT INTO MESSAGES (ID, SENDERID, SUBJECT, BODY, RECIPIENTID, DATECREATED) VALUES (137, 72, 'Find The', 'I find the box empty.', 2, TIMESTAMP '2016-07-06 07:04:42.102');
INSERT INTO MESSAGES (ID, SENDERID, SUBJECT, BODY, RECIPIENTID, DATECREATED) VALUES (138, 34, 'Barbers Hear', 'Those barbers hear the girl crying.', 15, TIMESTAMP '2016-07-05 14:10:08.345');
INSERT INTO MESSAGES (ID, SENDERID, SUBJECT, BODY, RECIPIENTID, DATECREATED) VALUES (139, 27, 'Banker Keeps', 'That banker keeps the room warm.', 52, TIMESTAMP '2016-07-06 20:43:53.240');
INSERT INTO MESSAGES (ID, SENDERID, SUBJECT, BODY, RECIPIENTID, DATECREATED) VALUES (140, 18, 'Carpenters Keep', 'Those carpenters keep the room clean.', 39, TIMESTAMP '2016-07-02 18:00:04.514');
INSERT INTO MESSAGES (ID, SENDERID, SUBJECT, BODY, RECIPIENTID, DATECREATED) VALUES (141, 18, 'Called Her', 'We called her "the tired singer".', 88, TIMESTAMP '2016-07-02 01:17:26.189');
INSERT INTO MESSAGES (ID, SENDERID, SUBJECT, BODY, RECIPIENTID, DATECREATED) VALUES (142, 7, 'Elected Bill', 'They elected Bill captain of our team.', 40, TIMESTAMP '2016-07-07 10:54:28.698');
INSERT INTO MESSAGES (ID, SENDERID, SUBJECT, BODY, RECIPIENTID, DATECREATED) VALUES (143, 25, 'Journalist Keeps', 'That journalist keeps the milk cold.', 13, TIMESTAMP '2016-07-02 04:54:38.579');
INSERT INTO MESSAGES (ID, SENDERID, SUBJECT, BODY, RECIPIENTID, DATECREATED) VALUES (144, 40, 'Elected Him', 'They elected him president.', 54, TIMESTAMP '2016-07-05 01:01:48.329');
INSERT INTO MESSAGES (ID, SENDERID, SUBJECT, BODY, RECIPIENTID, DATECREATED) VALUES (145, 61, 'Heard The', 'Michael heard the girl crying.', 73, TIMESTAMP '2016-07-04 22:39:51.504');
INSERT INTO MESSAGES (ID, SENDERID, SUBJECT, BODY, RECIPIENTID, DATECREATED) VALUES (146, 63, 'Named The', 'I named the baby Susan.', 64, TIMESTAMP '2016-07-04 19:38:32.847');
INSERT INTO MESSAGES (ID, SENDERID, SUBJECT, BODY, RECIPIENTID, DATECREATED) VALUES (147, 78, 'Lawyer Finds', 'That lawyer finds the box empty.', 53, TIMESTAMP '2016-07-02 06:33:47.571');
INSERT INTO MESSAGES (ID, SENDERID, SUBJECT, BODY, RECIPIENTID, DATECREATED) VALUES (148, 34, 'Singers Kept', 'Those singers kept the room warm.', 35, TIMESTAMP '2016-07-04 05:44:15.203');
INSERT INTO MESSAGES (ID, SENDERID, SUBJECT, BODY, RECIPIENTID, DATECREATED) VALUES (149, 88, 'His Aunt', 'Rita''s aunt named the baby Susan.', 42, TIMESTAMP '2016-07-02 15:38:10.941');
INSERT INTO MESSAGES (ID, SENDERID, SUBJECT, BODY, RECIPIENTID, DATECREATED) VALUES (150, 22, 'Politicians Name', 'Those politicians name the dog Fido.', 30, TIMESTAMP '2016-07-07 21:31:58.146');
INSERT INTO MESSAGES (ID, SENDERID, SUBJECT, BODY, RECIPIENTID, DATECREATED) VALUES (151, 36, 'Taxi Drivers', 'Those taxi drivers get the watch fixed.', 85, TIMESTAMP '2016-07-02 23:55:26.183');
INSERT INTO MESSAGES (ID, SENDERID, SUBJECT, BODY, RECIPIENTID, DATECREATED) VALUES (152, 18, 'Farmers Elected', 'Those farmers elected her chairperson.', 90, TIMESTAMP '2016-07-01 06:46:25.621');
INSERT INTO MESSAGES (ID, SENDERID, SUBJECT, BODY, RECIPIENTID, DATECREATED) VALUES (153, 9, 'Called Him', 'They called him George.', 79, TIMESTAMP '2016-07-03 15:25:45.553');
INSERT INTO MESSAGES (ID, SENDERID, SUBJECT, BODY, RECIPIENTID, DATECREATED) VALUES (154, 64, 'Called Him', 'I called him "the cashier".', 46, TIMESTAMP '2016-07-01 00:42:32.666');
INSERT INTO MESSAGES (ID, SENDERID, SUBJECT, BODY, RECIPIENTID, DATECREATED) VALUES (155, 28, 'Make Him', 'They make him cry.', 25, TIMESTAMP '2016-07-02 20:07:20.521');
INSERT INTO MESSAGES (ID, SENDERID, SUBJECT, BODY, RECIPIENTID, DATECREATED) VALUES (156, 13, 'His Wife', 'Fred''s wife painted the room green.', 55, TIMESTAMP '2016-07-05 09:20:55.526');
INSERT INTO MESSAGES (ID, SENDERID, SUBJECT, BODY, RECIPIENTID, DATECREATED) VALUES (157, 15, 'Call Him', 'I call him George.', 90, TIMESTAMP '2016-07-02 06:00:39.760');
INSERT INTO MESSAGES (ID, SENDERID, SUBJECT, BODY, RECIPIENTID, DATECREATED) VALUES (158, 56, 'Called Him', 'I called him "the spy".', 16, TIMESTAMP '2016-07-03 05:36:09.437');
INSERT INTO MESSAGES (ID, SENDERID, SUBJECT, BODY, RECIPIENTID, DATECREATED) VALUES (159, 98, 'Leaves The', 'Roy leaves the door open.', 57, TIMESTAMP '2016-07-01 16:03:03.501');
INSERT INTO MESSAGES (ID, SENDERID, SUBJECT, BODY, RECIPIENTID, DATECREATED) VALUES (160, 88, 'Politician Named', 'That politician named the ship Titanic.', 44, TIMESTAMP '2016-07-06 04:38:03.878');
INSERT INTO MESSAGES (ID, SENDERID, SUBJECT, BODY, RECIPIENTID, DATECREATED) VALUES (161, 85, 'Keep The', 'I keep the room warm.', 56, TIMESTAMP '2016-07-04 17:45:10.744');
INSERT INTO MESSAGES (ID, SENDERID, SUBJECT, BODY, RECIPIENTID, DATECREATED) VALUES (162, 62, 'Find The', 'They find the box empty.', 7, TIMESTAMP '2016-07-06 06:48:18.344');
INSERT INTO MESSAGES (ID, SENDERID, SUBJECT, BODY, RECIPIENTID, DATECREATED) VALUES (163, 73, 'Gardeners Had', 'Those gardeners had him drive.', 41, TIMESTAMP '2016-07-06 22:10:35.519');
INSERT INTO MESSAGES (ID, SENDERID, SUBJECT, BODY, RECIPIENTID, DATECREATED) VALUES (164, 45, 'Elected Her', 'I elected her chairperson.', 54, TIMESTAMP '2016-07-02 08:00:47.860');
INSERT INTO MESSAGES (ID, SENDERID, SUBJECT, BODY, RECIPIENTID, DATECREATED) VALUES (165, 39, 'Taxi Driver', 'That taxi driver calls him a taxi.', 93, TIMESTAMP '2016-07-07 19:51:53.621');
INSERT INTO MESSAGES (ID, SENDERID, SUBJECT, BODY, RECIPIENTID, DATECREATED) VALUES (166, 31, 'Named The', 'They named the ship Titanic.', 92, TIMESTAMP '2016-07-02 20:32:00.384');
INSERT INTO MESSAGES (ID, SENDERID, SUBJECT, BODY, RECIPIENTID, DATECREATED) VALUES (167, 10, 'Students Elected', 'Those students elected her chairperson.', 69, TIMESTAMP '2016-07-02 22:17:33.836');
INSERT INTO MESSAGES (ID, SENDERID, SUBJECT, BODY, RECIPIENTID, DATECREATED) VALUES (168, 38, 'Kept The', 'Andy kept the room clean.', 8, TIMESTAMP '2016-07-06 00:54:23.726');
INSERT INTO MESSAGES (ID, SENDERID, SUBJECT, BODY, RECIPIENTID, DATECREATED) VALUES (169, 30, 'Named The', 'Virginia named the dog Fido.', 20, TIMESTAMP '2016-07-07 22:55:12.326');
INSERT INTO MESSAGES (ID, SENDERID, SUBJECT, BODY, RECIPIENTID, DATECREATED) VALUES (170, 13, 'Got The', 'I got the watch fixed.', 80, TIMESTAMP '2016-07-02 14:04:53.882');
INSERT INTO MESSAGES (ID, SENDERID, SUBJECT, BODY, RECIPIENTID, DATECREATED) VALUES (171, 58, 'Thief Hears', 'That thief hears the girl crying.', 61, TIMESTAMP '2016-07-07 15:09:30.705');
INSERT INTO MESSAGES (ID, SENDERID, SUBJECT, BODY, RECIPIENTID, DATECREATED) VALUES (172, 89, 'Name The', 'I name the dog Fido.', 84, TIMESTAMP '2016-07-02 21:57:00.419');
INSERT INTO MESSAGES (ID, SENDERID, SUBJECT, BODY, RECIPIENTID, DATECREATED) VALUES (173, 20, 'His Wife', 'Fred''s wife got the watch fixed.', 50, TIMESTAMP '2016-07-01 05:29:58.262');
INSERT INTO MESSAGES (ID, SENDERID, SUBJECT, BODY, RECIPIENTID, DATECREATED) VALUES (174, 55, 'His Daughter', 'Donna''s daughter got the watch fixed.', 90, TIMESTAMP '2016-07-04 11:47:36.974');
INSERT INTO MESSAGES (ID, SENDERID, SUBJECT, BODY, RECIPIENTID, DATECREATED) VALUES (175, 53, 'Keep The', 'They keep the room clean.', 59, TIMESTAMP '2016-07-05 15:21:40.746');
INSERT INTO MESSAGES (ID, SENDERID, SUBJECT, BODY, RECIPIENTID, DATECREATED) VALUES (176, 36, 'Painted The', 'Willie painted the room green.', 11, TIMESTAMP '2016-07-01 18:18:16.931');
INSERT INTO MESSAGES (ID, SENDERID, SUBJECT, BODY, RECIPIENTID, DATECREATED) VALUES (177, 62, 'Name The', 'They name the ship Titanic.', 9, TIMESTAMP '2016-07-02 04:14:44.350');
INSERT INTO MESSAGES (ID, SENDERID, SUBJECT, BODY, RECIPIENTID, DATECREATED) VALUES (178, 82, 'Painted The', 'I painted the room green.', 10, TIMESTAMP '2016-07-04 00:03:40.184');
INSERT INTO MESSAGES (ID, SENDERID, SUBJECT, BODY, RECIPIENTID, DATECREATED) VALUES (179, 64, 'Name The', 'They name the baby Susan.', 61, TIMESTAMP '2016-07-04 19:14:16.798');
INSERT INTO MESSAGES (ID, SENDERID, SUBJECT, BODY, RECIPIENTID, DATECREATED) VALUES (180, 45, 'Dentists Hear', 'Those dentists hear the girl crying.', 100, TIMESTAMP '2016-07-07 13:15:55.127');
INSERT INTO MESSAGES (ID, SENDERID, SUBJECT, BODY, RECIPIENTID, DATECREATED) VALUES (181, 47, 'Farmer Leaves', 'That farmer leaves the door open.', 84, TIMESTAMP '2016-07-06 08:04:11.176');
INSERT INTO MESSAGES (ID, SENDERID, SUBJECT, BODY, RECIPIENTID, DATECREATED) VALUES (182, 49, 'Politicians Keep', 'Those politicians keep the milk cold.', 63, TIMESTAMP '2016-07-05 08:47:54.366');
INSERT INTO MESSAGES (ID, SENDERID, SUBJECT, BODY, RECIPIENTID, DATECREATED) VALUES (183, 19, 'Name The', 'I name the ship Titanic.', 28, TIMESTAMP '2016-07-05 05:14:33.824');
INSERT INTO MESSAGES (ID, SENDERID, SUBJECT, BODY, RECIPIENTID, DATECREATED) VALUES (184, 65, 'His Aunt', 'Rita''s aunt keeps the milk cold.', 28, TIMESTAMP '2016-07-05 05:20:27.725');
INSERT INTO MESSAGES (ID, SENDERID, SUBJECT, BODY, RECIPIENTID, DATECREATED) VALUES (185, 70, 'Scientist Calls', 'That scientist calls him George.', 94, TIMESTAMP '2016-07-04 17:40:33.821');
INSERT INTO MESSAGES (ID, SENDERID, SUBJECT, BODY, RECIPIENTID, DATECREATED) VALUES (186, 30, 'Left The', 'John left the door open.', 36, TIMESTAMP '2016-07-06 19:30:30.729');
INSERT INTO MESSAGES (ID, SENDERID, SUBJECT, BODY, RECIPIENTID, DATECREATED) VALUES (187, 52, 'Cashiers Called', 'Those cashiers called him George.', 15, TIMESTAMP '2016-07-03 15:35:07.438');
INSERT INTO MESSAGES (ID, SENDERID, SUBJECT, BODY, RECIPIENTID, DATECREATED) VALUES (188, 69, 'His Uncle', 'Andrew''s uncle painted the room green.', 99, TIMESTAMP '2016-07-05 22:46:44.889');
INSERT INTO MESSAGES (ID, SENDERID, SUBJECT, BODY, RECIPIENTID, DATECREATED) VALUES (189, 96, 'Mrs.', 'Mrs. O''Day finds the box empty.', 53, TIMESTAMP '2016-07-05 23:53:36.942');
INSERT INTO MESSAGES (ID, SENDERID, SUBJECT, BODY, RECIPIENTID, DATECREATED) VALUES (190, 70, 'Called Him', 'I called him "the cashier".', 76, TIMESTAMP '2016-07-06 07:54:02.183');
INSERT INTO MESSAGES (ID, SENDERID, SUBJECT, BODY, RECIPIENTID, DATECREATED) VALUES (191, 93, 'Spy Finds', 'That spy finds the box empty.', 89, TIMESTAMP '2016-07-04 11:02:02.118');
INSERT INTO MESSAGES (ID, SENDERID, SUBJECT, BODY, RECIPIENTID, DATECREATED) VALUES (192, 78, 'Politicians Kept', 'Those politicians kept the room clean.', 49, TIMESTAMP '2016-07-03 23:04:41.836');
INSERT INTO MESSAGES (ID, SENDERID, SUBJECT, BODY, RECIPIENTID, DATECREATED) VALUES (193, 75, 'Get The', 'I get the TV repaired.', 62, TIMESTAMP '2016-07-07 03:07:59.495');
INSERT INTO MESSAGES (ID, SENDERID, SUBJECT, BODY, RECIPIENTID, DATECREATED) VALUES (194, 98, 'Calls Him', 'Ginger calls him a taxi.', 56, TIMESTAMP '2016-07-04 21:03:37.768');
INSERT INTO MESSAGES (ID, SENDERID, SUBJECT, BODY, RECIPIENTID, DATECREATED) VALUES (195, 53, 'Librarians Call', 'Those librarians call him a taxi.', 39, TIMESTAMP '2016-07-06 22:41:41.463');
INSERT INTO MESSAGES (ID, SENDERID, SUBJECT, BODY, RECIPIENTID, DATECREATED) VALUES (196, 78, 'Car Mechanic', 'That car mechanic hears the girl crying.', 19, TIMESTAMP '2016-07-01 23:06:35.474');
INSERT INTO MESSAGES (ID, SENDERID, SUBJECT, BODY, RECIPIENTID, DATECREATED) VALUES (197, 65, 'Paint The', 'They paint the room green.', 79, TIMESTAMP '2016-07-04 22:53:21.535');
INSERT INTO MESSAGES (ID, SENDERID, SUBJECT, BODY, RECIPIENTID, DATECREATED) VALUES (198, 56, 'Singer Leaves', 'That singer leaves the door open.', 59, TIMESTAMP '2016-07-04 18:09:37.254');
INSERT INTO MESSAGES (ID, SENDERID, SUBJECT, BODY, RECIPIENTID, DATECREATED) VALUES (199, 79, 'Bus Drivers', 'Those bus drivers left the door open.', 84, TIMESTAMP '2016-07-06 14:55:52.929');
INSERT INTO MESSAGES (ID, SENDERID, SUBJECT, BODY, RECIPIENTID, DATECREATED) VALUES (200, 13, 'Found The', 'Roy found the box empty.', 49, TIMESTAMP '2016-07-04 23:06:32.292');
INSERT INTO MESSAGES (ID, SENDERID, SUBJECT, BODY, RECIPIENTID, DATECREATED) VALUES (201, 67, 'Paint The', 'I paint the room green.', 27, TIMESTAMP '2016-07-06 20:41:50.236');
INSERT INTO MESSAGES (ID, SENDERID, SUBJECT, BODY, RECIPIENTID, DATECREATED) VALUES (202, 46, 'Made Him', 'They made him cry.', 96, TIMESTAMP '2016-07-02 01:15:07.676');
INSERT INTO MESSAGES (ID, SENDERID, SUBJECT, BODY, RECIPIENTID, DATECREATED) VALUES (203, 69, 'See Him', 'They see him swim.', 21, TIMESTAMP '2016-07-06 13:11:56.475');
INSERT INTO MESSAGES (ID, SENDERID, SUBJECT, BODY, RECIPIENTID, DATECREATED) VALUES (204, 30, 'His Aunt', 'Rita''s aunt elected Bill captain of our team.', 28, TIMESTAMP '2016-07-04 04:51:53.576');
INSERT INTO MESSAGES (ID, SENDERID, SUBJECT, BODY, RECIPIENTID, DATECREATED) VALUES (205, 48, 'Had Him', 'Meg had him drive.', 23, TIMESTAMP '2016-07-04 01:15:08.670');
INSERT INTO MESSAGES (ID, SENDERID, SUBJECT, BODY, RECIPIENTID, DATECREATED) VALUES (206, 67, 'Leave The', 'They leave the door open.', 40, TIMESTAMP '2016-07-02 12:19:58.446');
INSERT INTO MESSAGES (ID, SENDERID, SUBJECT, BODY, RECIPIENTID, DATECREATED) VALUES (207, 42, 'Doctors Heard', 'Those doctors heard the girl crying.', 80, TIMESTAMP '2016-07-04 04:03:03.600');
INSERT INTO MESSAGES (ID, SENDERID, SUBJECT, BODY, RECIPIENTID, DATECREATED) VALUES (208, 22, 'Carpenters Name', 'Those carpenters name the ship Titanic.', 20, TIMESTAMP '2016-07-04 15:59:05.390');
INSERT INTO MESSAGES (ID, SENDERID, SUBJECT, BODY, RECIPIENTID, DATECREATED) VALUES (209, 97, 'Carpenter Found', 'That carpenter found the box empty.', 91, TIMESTAMP '2016-07-05 10:22:42.542');
INSERT INTO MESSAGES (ID, SENDERID, SUBJECT, BODY, RECIPIENTID, DATECREATED) VALUES (210, 18, 'Named The', 'They named the ship Titanic.', 80, TIMESTAMP '2016-07-07 03:12:51.902');
INSERT INTO MESSAGES (ID, SENDERID, SUBJECT, BODY, RECIPIENTID, DATECREATED) VALUES (211, 38, 'Called Her', 'We called her "the dangerous carpenter".', 9, TIMESTAMP '2016-07-06 03:34:30.994');
INSERT INTO MESSAGES (ID, SENDERID, SUBJECT, BODY, RECIPIENTID, DATECREATED) VALUES (212, 18, 'Have Him', 'They have him drive.', 79, TIMESTAMP '2016-07-03 13:08:02.624');
INSERT INTO MESSAGES (ID, SENDERID, SUBJECT, BODY, RECIPIENTID, DATECREATED) VALUES (213, 96, 'Called Him', 'I called him "the singer".', 5, TIMESTAMP '2016-07-06 00:40:42.478');
INSERT INTO MESSAGES (ID, SENDERID, SUBJECT, BODY, RECIPIENTID, DATECREATED) VALUES (214, 37, 'Journalist Calls', 'That journalist calls him a taxi.', 76, TIMESTAMP '2016-07-06 17:52:54.796');
INSERT INTO MESSAGES (ID, SENDERID, SUBJECT, BODY, RECIPIENTID, DATECREATED) VALUES (215, 98, 'Got The', 'I got the TV repaired.', 26, TIMESTAMP '2016-07-07 02:43:03.578');
INSERT INTO MESSAGES (ID, SENDERID, SUBJECT, BODY, RECIPIENTID, DATECREATED) VALUES (216, 82, 'Named The', 'They named the baby Susan.', 14, TIMESTAMP '2016-07-06 23:14:56.167');
INSERT INTO MESSAGES (ID, SENDERID, SUBJECT, BODY, RECIPIENTID, DATECREATED) VALUES (217, 56, 'Keep The', 'They keep the room clean.', 18, TIMESTAMP '2016-07-05 15:13:22.281');
INSERT INTO MESSAGES (ID, SENDERID, SUBJECT, BODY, RECIPIENTID, DATECREATED) VALUES (218, 11, 'Carpenter Makes', 'That carpenter makes him cry.', 97, TIMESTAMP '2016-07-03 02:12:34.347');
INSERT INTO MESSAGES (ID, SENDERID, SUBJECT, BODY, RECIPIENTID, DATECREATED) VALUES (219, 16, 'Called Him', 'I called him "the fisherman".', 86, TIMESTAMP '2016-07-06 13:33:16.735');
INSERT INTO MESSAGES (ID, SENDERID, SUBJECT, BODY, RECIPIENTID, DATECREATED) VALUES (220, 65, 'Name The', 'They name the dog Fido.', 78, TIMESTAMP '2016-07-03 15:26:00.634');
INSERT INTO MESSAGES (ID, SENDERID, SUBJECT, BODY, RECIPIENTID, DATECREATED) VALUES (221, 61, 'Carpenter Appointed', 'That carpenter appointed him committee chairman.', 55, TIMESTAMP '2016-07-06 16:41:33.702');
INSERT INTO MESSAGES (ID, SENDERID, SUBJECT, BODY, RECIPIENTID, DATECREATED) VALUES (222, 22, 'Guards Elected', 'Those guards elected Bill captain of our team.', 52, TIMESTAMP '2016-07-01 13:54:21.542');
INSERT INTO MESSAGES (ID, SENDERID, SUBJECT, BODY, RECIPIENTID, DATECREATED) VALUES (223, 84, 'Gardener Named', 'That gardener named the baby Susan.', 23, TIMESTAMP '2016-07-01 03:41:50.211');
INSERT INTO MESSAGES (ID, SENDERID, SUBJECT, BODY, RECIPIENTID, DATECREATED) VALUES (224, 74, 'Dentist Keeps', 'That dentist keeps the room clean.', 21, TIMESTAMP '2016-07-01 11:47:52.901');
INSERT INTO MESSAGES (ID, SENDERID, SUBJECT, BODY, RECIPIENTID, DATECREATED) VALUES (225, 65, 'Called Her', 'We called her "the fat teacher".', 35, TIMESTAMP '2016-07-06 07:37:48.878');
INSERT INTO MESSAGES (ID, SENDERID, SUBJECT, BODY, RECIPIENTID, DATECREATED) VALUES (226, 14, 'Called Him', 'I called him "the bus driver".', 41, TIMESTAMP '2016-07-01 02:27:21.538');
INSERT INTO MESSAGES (ID, SENDERID, SUBJECT, BODY, RECIPIENTID, DATECREATED) VALUES (227, 33, 'Car Mechanic', 'That car mechanic hears the girl crying.', 93, TIMESTAMP '2016-07-03 15:30:51.628');
INSERT INTO MESSAGES (ID, SENDERID, SUBJECT, BODY, RECIPIENTID, DATECREATED) VALUES (228, 69, 'Have Him', 'They have him drive.', 23, TIMESTAMP '2016-07-03 22:55:07.866');
INSERT INTO MESSAGES (ID, SENDERID, SUBJECT, BODY, RECIPIENTID, DATECREATED) VALUES (229, 18, 'Librarians Get', 'Those librarians get the TV repaired.', 75, TIMESTAMP '2016-07-05 17:51:02.537');
INSERT INTO MESSAGES (ID, SENDERID, SUBJECT, BODY, RECIPIENTID, DATECREATED) VALUES (230, 89, 'Name The', 'They name the dog Fido.', 24, TIMESTAMP '2016-07-03 06:21:54.963');
INSERT INTO MESSAGES (ID, SENDERID, SUBJECT, BODY, RECIPIENTID, DATECREATED) VALUES (231, 70, 'Store Clerks', 'Those store clerks heard the girl crying.', 79, TIMESTAMP '2016-07-02 14:49:31.566');
INSERT INTO MESSAGES (ID, SENDERID, SUBJECT, BODY, RECIPIENTID, DATECREATED) VALUES (232, 92, 'Plumbers Made', 'Those plumbers made him cry.', 15, TIMESTAMP '2016-07-05 16:29:23.969');
INSERT INTO MESSAGES (ID, SENDERID, SUBJECT, BODY, RECIPIENTID, DATECREATED) VALUES (233, 7, 'Gardener Keeps', 'That gardener keeps the room clean.', 10, TIMESTAMP '2016-07-06 10:39:14.810');
INSERT INTO MESSAGES (ID, SENDERID, SUBJECT, BODY, RECIPIENTID, DATECREATED) VALUES (234, 7, 'Elected Him', 'I elected him president.', 86, TIMESTAMP '2016-07-04 18:48:56.213');
INSERT INTO MESSAGES (ID, SENDERID, SUBJECT, BODY, RECIPIENTID, DATECREATED) VALUES (235, 63, 'Kept The', 'I kept the milk cold.', 50, TIMESTAMP '2016-07-05 22:11:42.514');
INSERT INTO MESSAGES (ID, SENDERID, SUBJECT, BODY, RECIPIENTID, DATECREATED) VALUES (236, 71, 'Musician Keeps', 'That musician keeps the milk cold.', 70, TIMESTAMP '2016-07-02 08:00:07.607');
INSERT INTO MESSAGES (ID, SENDERID, SUBJECT, BODY, RECIPIENTID, DATECREATED) VALUES (237, 6, 'Found The', 'I found the box empty.', 37, TIMESTAMP '2016-07-03 15:42:55.983');
INSERT INTO MESSAGES (ID, SENDERID, SUBJECT, BODY, RECIPIENTID, DATECREATED) VALUES (238, 16, 'Journalists Keep', 'Those journalists keep the room warm.', 99, TIMESTAMP '2016-07-04 02:33:57.577');
INSERT INTO MESSAGES (ID, SENDERID, SUBJECT, BODY, RECIPIENTID, DATECREATED) VALUES (239, 15, 'Called Him', 'I called him "the photographer".', 78, TIMESTAMP '2016-07-05 16:38:30.510');
INSERT INTO MESSAGES (ID, SENDERID, SUBJECT, BODY, RECIPIENTID, DATECREATED) VALUES (240, 44, 'Called Him', 'I called him "the science teacher".', 37, TIMESTAMP '2016-07-05 02:35:36.875');
INSERT INTO MESSAGES (ID, SENDERID, SUBJECT, BODY, RECIPIENTID, DATECREATED) VALUES (241, 27, 'Carpenter Keeps', 'That carpenter keeps the room clean.', 77, TIMESTAMP '2016-07-03 14:06:19.926');
INSERT INTO MESSAGES (ID, SENDERID, SUBJECT, BODY, RECIPIENTID, DATECREATED) VALUES (242, 73, 'Called Him', 'I called him "the plumber".', 53, TIMESTAMP '2016-07-02 16:46:24.938');
INSERT INTO MESSAGES (ID, SENDERID, SUBJECT, BODY, RECIPIENTID, DATECREATED) VALUES (243, 87, 'Politician Found', 'That politician found the box empty.', 19, TIMESTAMP '2016-07-05 05:27:45.698');
INSERT INTO MESSAGES (ID, SENDERID, SUBJECT, BODY, RECIPIENTID, DATECREATED) VALUES (244, 88, 'News Announcer', 'That news announcer keeps the milk cold.', 94, TIMESTAMP '2016-07-03 17:36:25.261');
INSERT INTO MESSAGES (ID, SENDERID, SUBJECT, BODY, RECIPIENTID, DATECREATED) VALUES (245, 45, 'Named The', 'Margaret named the baby Susan.', 65, TIMESTAMP '2016-07-03 11:41:16.876');
INSERT INTO MESSAGES (ID, SENDERID, SUBJECT, BODY, RECIPIENTID, DATECREATED) VALUES (246, 26, 'Keeps The', 'Dick keeps the room clean.', 23, TIMESTAMP '2016-07-04 15:58:36.517');
INSERT INTO MESSAGES (ID, SENDERID, SUBJECT, BODY, RECIPIENTID, DATECREATED) VALUES (247, 24, 'His Mother', 'Joanne''s mother leaves the door open.', 25, TIMESTAMP '2016-07-01 22:14:37.256');
INSERT INTO MESSAGES (ID, SENDERID, SUBJECT, BODY, RECIPIENTID, DATECREATED) VALUES (248, 86, 'Janitor Keeps', 'That janitor keeps the milk cold.', 11, TIMESTAMP '2016-07-06 00:07:45.536');
INSERT INTO MESSAGES (ID, SENDERID, SUBJECT, BODY, RECIPIENTID, DATECREATED) VALUES (249, 58, 'Farmers Named', 'Those farmers named the ship Titanic.', 93, TIMESTAMP '2016-07-03 17:30:13.531');
INSERT INTO MESSAGES (ID, SENDERID, SUBJECT, BODY, RECIPIENTID, DATECREATED) VALUES (250, 86, 'Kept The', 'Cathy kept the room warm.', 30, TIMESTAMP '2016-07-04 18:57:58.586');
INSERT INTO MESSAGES (ID, SENDERID, SUBJECT, BODY, RECIPIENTID, DATECREATED) VALUES (251, 82, 'Computer Programmers', 'Those computer programmers name the ship Titanic.', 42, TIMESTAMP '2016-07-07 20:58:43.306');
INSERT INTO MESSAGES (ID, SENDERID, SUBJECT, BODY, RECIPIENTID, DATECREATED) VALUES (252, 40, 'Fishermen Heard', 'Those fishermen heard the girl crying.', 27, TIMESTAMP '2016-07-04 10:50:13.514');
INSERT INTO MESSAGES (ID, SENDERID, SUBJECT, BODY, RECIPIENTID, DATECREATED) VALUES (253, 78, 'Name The', 'They name the ship Titanic.', 48, TIMESTAMP '2016-07-03 19:52:43.228');
INSERT INTO MESSAGES (ID, SENDERID, SUBJECT, BODY, RECIPIENTID, DATECREATED) VALUES (254, 2, 'Called Him', 'I called him "the store clerk".', 62, TIMESTAMP '2016-07-06 21:01:31.106');
INSERT INTO MESSAGES (ID, SENDERID, SUBJECT, BODY, RECIPIENTID, DATECREATED) VALUES (255, 83, 'Named The', 'I named the dog Fido.', 13, TIMESTAMP '2016-07-06 10:39:54.288');
INSERT INTO MESSAGES (ID, SENDERID, SUBJECT, BODY, RECIPIENTID, DATECREATED) VALUES (256, 89, 'Got The', 'Lawrence got the watch fixed.', 97, TIMESTAMP '2016-07-06 05:32:15.174');
INSERT INTO MESSAGES (ID, SENDERID, SUBJECT, BODY, RECIPIENTID, DATECREATED) VALUES (257, 63, 'Student Calls', 'That student calls him a taxi.', 72, TIMESTAMP '2016-07-07 05:12:14.836');
INSERT INTO MESSAGES (ID, SENDERID, SUBJECT, BODY, RECIPIENTID, DATECREATED) VALUES (258, 78, 'Keep The', 'They keep the room warm.', 36, TIMESTAMP '2016-07-04 13:21:08.374');
INSERT INTO MESSAGES (ID, SENDERID, SUBJECT, BODY, RECIPIENTID, DATECREATED) VALUES (259, 74, 'Flight Attendant', 'That flight attendant named the baby Susan.', 56, TIMESTAMP '2016-07-03 00:55:12.929');
INSERT INTO MESSAGES (ID, SENDERID, SUBJECT, BODY, RECIPIENTID, DATECREATED) VALUES (260, 71, 'Called Him', 'I called him "the cashier".', 4, TIMESTAMP '2016-07-05 09:55:31.376');
INSERT INTO MESSAGES (ID, SENDERID, SUBJECT, BODY, RECIPIENTID, DATECREATED) VALUES (261, 74, 'Elected Her', 'Peter elected her chairperson.', 43, TIMESTAMP '2016-07-03 13:08:05.668');
INSERT INTO MESSAGES (ID, SENDERID, SUBJECT, BODY, RECIPIENTID, DATECREATED) VALUES (262, 22, 'Found The', 'I found the box empty.', 23, TIMESTAMP '2016-07-02 21:31:04.737');
INSERT INTO MESSAGES (ID, SENDERID, SUBJECT, BODY, RECIPIENTID, DATECREATED) VALUES (263, 25, 'Janitor Hears', 'That janitor hears the girl crying.', 91, TIMESTAMP '2016-07-04 22:14:26.697');
INSERT INTO MESSAGES (ID, SENDERID, SUBJECT, BODY, RECIPIENTID, DATECREATED) VALUES (264, 89, 'Called Him', 'I called him "the science teacher".', 93, TIMESTAMP '2016-07-02 03:22:43.660');
INSERT INTO MESSAGES (ID, SENDERID, SUBJECT, BODY, RECIPIENTID, DATECREATED) VALUES (265, 8, 'Named The', 'They named the baby Susan.', 65, TIMESTAMP '2016-07-03 07:41:37.245');
INSERT INTO MESSAGES (ID, SENDERID, SUBJECT, BODY, RECIPIENTID, DATECREATED) VALUES (266, 61, 'Keep The', 'They keep the room clean.', 21, TIMESTAMP '2016-07-03 03:29:21.895');
INSERT INTO MESSAGES (ID, SENDERID, SUBJECT, BODY, RECIPIENTID, DATECREATED) VALUES (267, 93, 'Teachers Keep', 'Those teachers keep the room clean.', 28, TIMESTAMP '2016-07-01 01:37:28.494');
INSERT INTO MESSAGES (ID, SENDERID, SUBJECT, BODY, RECIPIENTID, DATECREATED) VALUES (268, 64, 'Got The', 'John got the TV repaired.', 5, TIMESTAMP '2016-07-03 19:51:05.915');
INSERT INTO MESSAGES (ID, SENDERID, SUBJECT, BODY, RECIPIENTID, DATECREATED) VALUES (269, 45, 'Called Him', 'I called him "the car mechanic".', 19, TIMESTAMP '2016-07-06 06:10:53.331');
INSERT INTO MESSAGES (ID, SENDERID, SUBJECT, BODY, RECIPIENTID, DATECREATED) VALUES (270, 70, 'Guards Named', 'Those guards named the dog Fido.', 53, TIMESTAMP '2016-07-01 14:17:46.537');
INSERT INTO MESSAGES (ID, SENDERID, SUBJECT, BODY, RECIPIENTID, DATECREATED) VALUES (271, 69, 'Musicians Find', 'Those musicians find the box empty.', 96, TIMESTAMP '2016-07-05 09:24:01.655');
INSERT INTO MESSAGES (ID, SENDERID, SUBJECT, BODY, RECIPIENTID, DATECREATED) VALUES (272, 69, 'Have Him', 'They have him drive.', 35, TIMESTAMP '2016-07-01 19:35:03.756');
INSERT INTO MESSAGES (ID, SENDERID, SUBJECT, BODY, RECIPIENTID, DATECREATED) VALUES (273, 79, 'Lynn Named', 'Ann Lynn named the ship Titanic.', 37, TIMESTAMP '2016-07-02 22:55:20.255');
INSERT INTO MESSAGES (ID, SENDERID, SUBJECT, BODY, RECIPIENTID, DATECREATED) VALUES (274, 45, 'Called Him', 'I called him "the thief".', 94, TIMESTAMP '2016-07-01 08:11:34.531');
INSERT INTO MESSAGES (ID, SENDERID, SUBJECT, BODY, RECIPIENTID, DATECREATED) VALUES (275, 48, 'Journalists Elected', 'Those journalists elected him president.', 86, TIMESTAMP '2016-07-05 20:20:49.435');
INSERT INTO MESSAGES (ID, SENDERID, SUBJECT, BODY, RECIPIENTID, DATECREATED) VALUES (276, 53, 'Fishermen Hear', 'Those fishermen hear the girl crying.', 46, TIMESTAMP '2016-07-01 06:22:14.875');
INSERT INTO MESSAGES (ID, SENDERID, SUBJECT, BODY, RECIPIENTID, DATECREATED) VALUES (277, 31, 'Kept The', 'I kept the room clean.', 9, TIMESTAMP '2016-07-06 08:24:55.913');
INSERT INTO MESSAGES (ID, SENDERID, SUBJECT, BODY, RECIPIENTID, DATECREATED) VALUES (278, 19, 'Cashier Painted', 'That cashier painted the room green.', 59, TIMESTAMP '2016-07-03 06:44:03.495');
INSERT INTO MESSAGES (ID, SENDERID, SUBJECT, BODY, RECIPIENTID, DATECREATED) VALUES (279, 7, 'Called Him', 'I called him "the police officer".', 50, TIMESTAMP '2016-07-05 01:05:34.652');
INSERT INTO MESSAGES (ID, SENDERID, SUBJECT, BODY, RECIPIENTID, DATECREATED) VALUES (280, 49, 'Science Teacher', 'That science teacher found the book interesting.', 61, TIMESTAMP '2016-07-05 17:40:16.374');
INSERT INTO MESSAGES (ID, SENDERID, SUBJECT, BODY, RECIPIENTID, DATECREATED) VALUES (281, 66, 'Called Her', 'We called her "the short fisherman".', 88, TIMESTAMP '2016-07-01 16:53:40.443');
INSERT INTO MESSAGES (ID, SENDERID, SUBJECT, BODY, RECIPIENTID, DATECREATED) VALUES (282, 88, 'Musician Found', 'That musician found the book interesting.', 43, TIMESTAMP '2016-07-06 20:38:16.854');
INSERT INTO MESSAGES (ID, SENDERID, SUBJECT, BODY, RECIPIENTID, DATECREATED) VALUES (283, 49, 'Called Him', 'I called him a taxi.', 28, TIMESTAMP '2016-07-05 13:27:45.345');
INSERT INTO MESSAGES (ID, SENDERID, SUBJECT, BODY, RECIPIENTID, DATECREATED) VALUES (284, 70, 'Hear The', 'I hear the girl crying.', 90, TIMESTAMP '2016-07-05 13:04:37.719');
INSERT INTO MESSAGES (ID, SENDERID, SUBJECT, BODY, RECIPIENTID, DATECREATED) VALUES (285, 10, 'Barber Keeps', 'That barber keeps the room clean.', 87, TIMESTAMP '2016-07-06 18:26:31.991');
INSERT INTO MESSAGES (ID, SENDERID, SUBJECT, BODY, RECIPIENTID, DATECREATED) VALUES (286, 79, 'His Wife', 'Bill''s wife elected him president.', 89, TIMESTAMP '2016-07-07 22:02:15.472');
INSERT INTO MESSAGES (ID, SENDERID, SUBJECT, BODY, RECIPIENTID, DATECREATED) VALUES (287, 97, 'Called Him', 'I called him "the science teacher".', 78, TIMESTAMP '2016-07-02 09:39:39.559');
INSERT INTO MESSAGES (ID, SENDERID, SUBJECT, BODY, RECIPIENTID, DATECREATED) VALUES (288, 98, 'Kept The', 'I kept the room clean.', 42, TIMESTAMP '2016-07-03 08:01:29.707');
INSERT INTO MESSAGES (ID, SENDERID, SUBJECT, BODY, RECIPIENTID, DATECREATED) VALUES (289, 25, 'Keep The', 'I keep the milk cold.', 86, TIMESTAMP '2016-07-05 20:23:26.541');
INSERT INTO MESSAGES (ID, SENDERID, SUBJECT, BODY, RECIPIENTID, DATECREATED) VALUES (290, 80, 'See Him', 'I see him swim.', 10, TIMESTAMP '2016-07-07 09:34:56.780');
INSERT INTO MESSAGES (ID, SENDERID, SUBJECT, BODY, RECIPIENTID, DATECREATED) VALUES (291, 5, 'Managers Make', 'Those managers make him cry.', 83, TIMESTAMP '2016-07-01 06:18:20.235');
INSERT INTO MESSAGES (ID, SENDERID, SUBJECT, BODY, RECIPIENTID, DATECREATED) VALUES (292, 31, 'Musicians Kept', 'Those musicians kept the milk cold.', 98, TIMESTAMP '2016-07-03 19:49:48.220');
INSERT INTO MESSAGES (ID, SENDERID, SUBJECT, BODY, RECIPIENTID, DATECREATED) VALUES (293, 55, 'Librarians Kept', 'Those librarians kept the milk cold.', 94, TIMESTAMP '2016-07-07 13:09:39.522');
INSERT INTO MESSAGES (ID, SENDERID, SUBJECT, BODY, RECIPIENTID, DATECREATED) VALUES (294, 93, 'See Him', 'I see him swim.', 92, TIMESTAMP '2016-07-04 10:29:57.917');
INSERT INTO MESSAGES (ID, SENDERID, SUBJECT, BODY, RECIPIENTID, DATECREATED) VALUES (295, 26, 'Librarians Named', 'Those librarians named the ship Titanic.', 15, TIMESTAMP '2016-07-01 16:03:14.161');
INSERT INTO MESSAGES (ID, SENDERID, SUBJECT, BODY, RECIPIENTID, DATECREATED) VALUES (296, 55, 'Guard Kept', 'That guard kept the room warm.', 26, TIMESTAMP '2016-07-04 18:50:03.865');
INSERT INTO MESSAGES (ID, SENDERID, SUBJECT, BODY, RECIPIENTID, DATECREATED) VALUES (297, 36, 'Scientist Found', 'That scientist found the book interesting.', 82, TIMESTAMP '2016-07-01 13:48:39.310');
INSERT INTO MESSAGES (ID, SENDERID, SUBJECT, BODY, RECIPIENTID, DATECREATED) VALUES (298, 3, 'Called Her', 'We called her "the strange manager".', 93, TIMESTAMP '2016-07-07 17:34:07.404');
INSERT INTO MESSAGES (ID, SENDERID, SUBJECT, BODY, RECIPIENTID, DATECREATED) VALUES (299, 99, 'Called Him', 'I called him a taxi.', 46, TIMESTAMP '2016-07-07 07:13:27.224');
INSERT INTO MESSAGES (ID, SENDERID, SUBJECT, BODY, RECIPIENTID, DATECREATED) VALUES (300, 46, 'Elected Him', 'I elected him president.', 33, TIMESTAMP '2016-07-06 07:26:23.604');
INSERT INTO MESSAGES (ID, SENDERID, SUBJECT, BODY, RECIPIENTID, DATECREATED) VALUES (301, 41, 'Carpenter Called', 'That carpenter called him a taxi.', 62, TIMESTAMP '2016-07-04 14:12:20.785');
INSERT INTO MESSAGES (ID, SENDERID, SUBJECT, BODY, RECIPIENTID, DATECREATED) VALUES (302, 92, 'Dentist Calls', 'That dentist calls him George.', 75, TIMESTAMP '2016-07-07 09:37:29.506');
INSERT INTO MESSAGES (ID, SENDERID, SUBJECT, BODY, RECIPIENTID, DATECREATED) VALUES (303, 31, 'Make Him', 'They make him cry.', 53, TIMESTAMP '2016-07-05 04:48:18.318');
INSERT INTO MESSAGES (ID, SENDERID, SUBJECT, BODY, RECIPIENTID, DATECREATED) VALUES (304, 90, 'Keep The', 'They keep the room warm.', 87, TIMESTAMP '2016-07-02 00:19:28.600');
INSERT INTO MESSAGES (ID, SENDERID, SUBJECT, BODY, RECIPIENTID, DATECREATED) VALUES (305, 91, 'Elected Her', 'Erika elected her chairperson.', 9, TIMESTAMP '2016-07-03 15:38:22.574');
INSERT INTO MESSAGES (ID, SENDERID, SUBJECT, BODY, RECIPIENTID, DATECREATED) VALUES (306, 96, 'Got The', 'Catherine got the watch fixed.', 56, TIMESTAMP '2016-07-04 15:05:02.251');
INSERT INTO MESSAGES (ID, SENDERID, SUBJECT, BODY, RECIPIENTID, DATECREATED) VALUES (307, 95, 'Saw Him', 'I saw him swim.', 6, TIMESTAMP '2016-07-04 02:43:41.405');
INSERT INTO MESSAGES (ID, SENDERID, SUBJECT, BODY, RECIPIENTID, DATECREATED) VALUES (308, 33, 'Keep The', 'I keep the room clean.', 24, TIMESTAMP '2016-07-06 13:32:03.188');
INSERT INTO MESSAGES (ID, SENDERID, SUBJECT, BODY, RECIPIENTID, DATECREATED) VALUES (309, 13, 'Named The', 'Pete named the dog Fido.', 14, TIMESTAMP '2016-07-07 16:51:16.212');
INSERT INTO MESSAGES (ID, SENDERID, SUBJECT, BODY, RECIPIENTID, DATECREATED) VALUES (310, 32, 'Name The', 'I name the dog Fido.', 42, TIMESTAMP '2016-07-01 00:18:06.334');
INSERT INTO MESSAGES (ID, SENDERID, SUBJECT, BODY, RECIPIENTID, DATECREATED) VALUES (311, 28, 'Spy Keeps', 'That spy keeps the milk cold.', 1, TIMESTAMP '2016-07-01 01:21:07.665');
INSERT INTO MESSAGES (ID, SENDERID, SUBJECT, BODY, RECIPIENTID, DATECREATED) VALUES (312, 99, 'Find The', 'I find the box empty.', 3, TIMESTAMP '2016-07-06 10:19:32.221');
INSERT INTO MESSAGES (ID, SENDERID, SUBJECT, BODY, RECIPIENTID, DATECREATED) VALUES (313, 76, 'Musician Keeps', 'That musician keeps the room warm.', 46, TIMESTAMP '2016-07-02 04:36:37.217');
INSERT INTO MESSAGES (ID, SENDERID, SUBJECT, BODY, RECIPIENTID, DATECREATED) VALUES (314, 89, 'Called Him', 'I called him "the fisherman".', 66, TIMESTAMP '2016-07-06 21:01:54.564');
INSERT INTO MESSAGES (ID, SENDERID, SUBJECT, BODY, RECIPIENTID, DATECREATED) VALUES (315, 35, 'Politician Makes', 'That politician makes him cry.', 35, TIMESTAMP '2016-07-05 08:28:08.257');
INSERT INTO MESSAGES (ID, SENDERID, SUBJECT, BODY, RECIPIENTID, DATECREATED) VALUES (316, 77, 'Called Her', 'We called her "the helpful flight attendant".', 13, TIMESTAMP '2016-07-06 08:24:23.100');
INSERT INTO MESSAGES (ID, SENDERID, SUBJECT, BODY, RECIPIENTID, DATECREATED) VALUES (317, 52, 'Called Him', 'I called him "the photographer".', 59, TIMESTAMP '2016-07-04 07:19:00.131');
INSERT INTO MESSAGES (ID, SENDERID, SUBJECT, BODY, RECIPIENTID, DATECREATED) VALUES (318, 82, 'Called Him', 'I called him "the student".', 42, TIMESTAMP '2016-07-01 05:51:41.898');
INSERT INTO MESSAGES (ID, SENDERID, SUBJECT, BODY, RECIPIENTID, DATECREATED) VALUES (319, 37, 'Lawyer Kept', 'That lawyer kept the room warm.', 55, TIMESTAMP '2016-07-04 17:40:36.254');
INSERT INTO MESSAGES (ID, SENDERID, SUBJECT, BODY, RECIPIENTID, DATECREATED) VALUES (320, 79, 'Call Him', 'They call him a taxi.', 56, TIMESTAMP '2016-07-05 09:31:42.212');
INSERT INTO MESSAGES (ID, SENDERID, SUBJECT, BODY, RECIPIENTID, DATECREATED) VALUES (321, 98, 'Bartenders Leave', 'Those bartenders leave the door open.', 47, TIMESTAMP '2016-07-02 15:41:33.286');
INSERT INTO MESSAGES (ID, SENDERID, SUBJECT, BODY, RECIPIENTID, DATECREATED) VALUES (322, 67, 'Flight Attendants', 'Those flight attendants call him George.', 100, TIMESTAMP '2016-07-04 21:57:53.615');
INSERT INTO MESSAGES (ID, SENDERID, SUBJECT, BODY, RECIPIENTID, DATECREATED) VALUES (323, 9, 'Managers Hear', 'Those managers hear the girl crying.', 70, TIMESTAMP '2016-07-05 02:25:01.920');
INSERT INTO MESSAGES (ID, SENDERID, SUBJECT, BODY, RECIPIENTID, DATECREATED) VALUES (324, 24, 'Called Her', 'We called her "the lucky taxi driver".', 95, TIMESTAMP '2016-07-06 06:49:41.964');
INSERT INTO MESSAGES (ID, SENDERID, SUBJECT, BODY, RECIPIENTID, DATECREATED) VALUES (325, 84, 'Manager Calls', 'That manager calls him a taxi.', 42, TIMESTAMP '2016-07-05 14:03:45.889');
INSERT INTO MESSAGES (ID, SENDERID, SUBJECT, BODY, RECIPIENTID, DATECREATED) VALUES (326, 70, 'Taxi Drivers', 'Those taxi drivers find the box empty.', 95, TIMESTAMP '2016-07-06 11:36:41.445');
INSERT INTO MESSAGES (ID, SENDERID, SUBJECT, BODY, RECIPIENTID, DATECREATED) VALUES (327, 94, 'Taxi Drivers', 'Those taxi drivers make him cry.', 52, TIMESTAMP '2016-07-05 06:46:12.575');
INSERT INTO MESSAGES (ID, SENDERID, SUBJECT, BODY, RECIPIENTID, DATECREATED) VALUES (328, 44, 'Lawyers Make', 'Those lawyers make him cry.', 46, TIMESTAMP '2016-07-03 22:15:04.547');
INSERT INTO MESSAGES (ID, SENDERID, SUBJECT, BODY, RECIPIENTID, DATECREATED) VALUES (329, 29, 'Name The', 'They name the dog Fido.', 41, TIMESTAMP '2016-07-05 17:32:53.540');
INSERT INTO MESSAGES (ID, SENDERID, SUBJECT, BODY, RECIPIENTID, DATECREATED) VALUES (330, 69, 'Called Him', 'I called him "the news announcer".', 60, TIMESTAMP '2016-07-04 13:55:52.745');
INSERT INTO MESSAGES (ID, SENDERID, SUBJECT, BODY, RECIPIENTID, DATECREATED) VALUES (331, 36, 'Heard The', 'I heard the girl crying.', 74, TIMESTAMP '2016-07-06 03:15:05.562');
INSERT INTO MESSAGES (ID, SENDERID, SUBJECT, BODY, RECIPIENTID, DATECREATED) VALUES (332, 87, 'Called Him', 'They called him a taxi.', 41, TIMESTAMP '2016-07-06 06:54:56.752');
INSERT INTO MESSAGES (ID, SENDERID, SUBJECT, BODY, RECIPIENTID, DATECREATED) VALUES (333, 21, 'Guard Had', 'That guard had him drive.', 31, TIMESTAMP '2016-07-05 08:25:45.554');
INSERT INTO MESSAGES (ID, SENDERID, SUBJECT, BODY, RECIPIENTID, DATECREATED) VALUES (334, 36, 'Found The', 'They found the book interesting.', 56, TIMESTAMP '2016-07-06 07:42:06.707');
INSERT INTO MESSAGES (ID, SENDERID, SUBJECT, BODY, RECIPIENTID, DATECREATED) VALUES (335, 10, 'Pilot Made', 'That pilot made him cry.', 62, TIMESTAMP '2016-07-02 02:21:45.992');
INSERT INTO MESSAGES (ID, SENDERID, SUBJECT, BODY, RECIPIENTID, DATECREATED) VALUES (336, 63, 'Called Him', 'I called him "the librarian".', 79, TIMESTAMP '2016-07-06 15:15:10.615');
INSERT INTO MESSAGES (ID, SENDERID, SUBJECT, BODY, RECIPIENTID, DATECREATED) VALUES (337, 26, 'Named The', 'Lawrence named the dog Fido.', 82, TIMESTAMP '2016-07-05 23:07:45.172');
INSERT INTO MESSAGES (ID, SENDERID, SUBJECT, BODY, RECIPIENTID, DATECREATED) VALUES (338, 16, 'Elected Bill', 'They elected Bill captain of our team.', 35, TIMESTAMP '2016-07-01 12:24:05.585');
INSERT INTO MESSAGES (ID, SENDERID, SUBJECT, BODY, RECIPIENTID, DATECREATED) VALUES (339, 19, 'Saw Him', 'They saw him swim.', 85, TIMESTAMP '2016-07-05 13:20:50.839');
INSERT INTO MESSAGES (ID, SENDERID, SUBJECT, BODY, RECIPIENTID, DATECREATED) VALUES (340, 48, 'Get The', 'I get the watch fixed.', 77, TIMESTAMP '2016-07-06 18:51:14.883');
INSERT INTO MESSAGES (ID, SENDERID, SUBJECT, BODY, RECIPIENTID, DATECREATED) VALUES (341, 16, 'Called Her', 'We called her "the famous dentist".', 43, TIMESTAMP '2016-07-04 05:55:48.794');
INSERT INTO MESSAGES (ID, SENDERID, SUBJECT, BODY, RECIPIENTID, DATECREATED) VALUES (342, 33, 'Singer Elected', 'That singer elected her chairperson.', 27, TIMESTAMP '2016-07-06 06:03:26.491');
INSERT INTO MESSAGES (ID, SENDERID, SUBJECT, BODY, RECIPIENTID, DATECREATED) VALUES (343, 38, 'Name The', 'I name the dog Fido.', 29, TIMESTAMP '2016-07-03 09:24:37.390');
INSERT INTO MESSAGES (ID, SENDERID, SUBJECT, BODY, RECIPIENTID, DATECREATED) VALUES (344, 68, 'Hear The', 'I hear the girl crying.', 6, TIMESTAMP '2016-07-06 01:09:55.327');
INSERT INTO MESSAGES (ID, SENDERID, SUBJECT, BODY, RECIPIENTID, DATECREATED) VALUES (345, 27, 'Carpenters Keep', 'Those carpenters keep the room warm.', 24, TIMESTAMP '2016-07-07 00:45:10.927');
INSERT INTO MESSAGES (ID, SENDERID, SUBJECT, BODY, RECIPIENTID, DATECREATED) VALUES (346, 35, 'Called Her', 'We called her "the tired spy".', 56, TIMESTAMP '2016-07-05 12:14:48.127');
INSERT INTO MESSAGES (ID, SENDERID, SUBJECT, BODY, RECIPIENTID, DATECREATED) VALUES (347, 66, 'Find The', 'I find the box empty.', 73, TIMESTAMP '2016-07-06 11:23:23.896');
INSERT INTO MESSAGES (ID, SENDERID, SUBJECT, BODY, RECIPIENTID, DATECREATED) VALUES (348, 12, 'Painted The', 'Tom painted the room green.', 4, TIMESTAMP '2016-07-06 09:13:30.545');
INSERT INTO MESSAGES (ID, SENDERID, SUBJECT, BODY, RECIPIENTID, DATECREATED) VALUES (349, 74, 'Keep The', 'I keep the room clean.', 24, TIMESTAMP '2016-07-04 07:08:43.326');
INSERT INTO MESSAGES (ID, SENDERID, SUBJECT, BODY, RECIPIENTID, DATECREATED) VALUES (350, 66, 'Flight Attendant', 'That flight attendant named the ship Titanic.', 40, TIMESTAMP '2016-07-01 02:56:17.143');
INSERT INTO MESSAGES (ID, SENDERID, SUBJECT, BODY, RECIPIENTID, DATECREATED) VALUES (351, 87, 'Hear The', 'They hear the girl crying.', 77, TIMESTAMP '2016-07-04 11:21:14.775');
INSERT INTO MESSAGES (ID, SENDERID, SUBJECT, BODY, RECIPIENTID, DATECREATED) VALUES (352, 79, 'Leave The', 'They leave the door open.', 53, TIMESTAMP '2016-07-03 01:14:41.117');
INSERT INTO MESSAGES (ID, SENDERID, SUBJECT, BODY, RECIPIENTID, DATECREATED) VALUES (353, 45, 'Garbage Man', 'That garbage man elected Bill captain of our team.', 95, TIMESTAMP '2016-07-06 03:00:07.212');
INSERT INTO MESSAGES (ID, SENDERID, SUBJECT, BODY, RECIPIENTID, DATECREATED) VALUES (354, 36, 'Science Teachers', 'Those science teachers called him a taxi.', 89, TIMESTAMP '2016-07-06 16:49:11.371');
INSERT INTO MESSAGES (ID, SENDERID, SUBJECT, BODY, RECIPIENTID, DATECREATED) VALUES (355, 82, 'Got The', 'I got the TV repaired.', 6, TIMESTAMP '2016-07-01 21:00:21.354');
INSERT INTO MESSAGES (ID, SENDERID, SUBJECT, BODY, RECIPIENTID, DATECREATED) VALUES (356, 11, 'Name The', 'They name the ship Titanic.', 16, TIMESTAMP '2016-07-02 14:01:01.597');
INSERT INTO MESSAGES (ID, SENDERID, SUBJECT, BODY, RECIPIENTID, DATECREATED) VALUES (357, 17, 'Named The', 'I named the dog Fido.', 60, TIMESTAMP '2016-07-05 23:04:30.262');
INSERT INTO MESSAGES (ID, SENDERID, SUBJECT, BODY, RECIPIENTID, DATECREATED) VALUES (358, 18, 'Found The', 'They found the book interesting.', 78, TIMESTAMP '2016-07-02 21:49:30.794');
INSERT INTO MESSAGES (ID, SENDERID, SUBJECT, BODY, RECIPIENTID, DATECREATED) VALUES (359, 97, 'Students Leave', 'Those students leave the door open.', 71, TIMESTAMP '2016-07-01 02:41:54.863');
INSERT INTO MESSAGES (ID, SENDERID, SUBJECT, BODY, RECIPIENTID, DATECREATED) VALUES (360, 53, 'Called Him', 'I called him "the barber".', 73, TIMESTAMP '2016-07-06 04:13:17.149');
INSERT INTO MESSAGES (ID, SENDERID, SUBJECT, BODY, RECIPIENTID, DATECREATED) VALUES (361, 74, 'Dentists Keep', 'Those dentists keep the room clean.', 55, TIMESTAMP '2016-07-01 18:41:49.423');
INSERT INTO MESSAGES (ID, SENDERID, SUBJECT, BODY, RECIPIENTID, DATECREATED) VALUES (362, 64, 'Plumbers Called', 'Those plumbers called him George.', 26, TIMESTAMP '2016-07-06 01:53:57.249');
INSERT INTO MESSAGES (ID, SENDERID, SUBJECT, BODY, RECIPIENTID, DATECREATED) VALUES (363, 76, 'Found The', 'I found the box empty.', 93, TIMESTAMP '2016-07-04 12:40:22.994');
INSERT INTO MESSAGES (ID, SENDERID, SUBJECT, BODY, RECIPIENTID, DATECREATED) VALUES (364, 15, 'Pilots Name', 'Those pilots name the ship Titanic.', 65, TIMESTAMP '2016-07-03 21:16:53.424');
INSERT INTO MESSAGES (ID, SENDERID, SUBJECT, BODY, RECIPIENTID, DATECREATED) VALUES (365, 64, 'His Uncle', 'Andrew''s uncle elected her chairperson.', 77, TIMESTAMP '2016-07-04 09:02:30.451');
INSERT INTO MESSAGES (ID, SENDERID, SUBJECT, BODY, RECIPIENTID, DATECREATED) VALUES (366, 9, 'Called Him', 'They called him George.', 83, TIMESTAMP '2016-07-06 02:00:47.371');
INSERT INTO MESSAGES (ID, SENDERID, SUBJECT, BODY, RECIPIENTID, DATECREATED) VALUES (367, 30, 'Carpenters Name', 'Those carpenters name the ship Titanic.', 55, TIMESTAMP '2016-07-03 01:15:27.424');
INSERT INTO MESSAGES (ID, SENDERID, SUBJECT, BODY, RECIPIENTID, DATECREATED) VALUES (368, 29, 'His Wife', 'Bill''s wife elected him president.', 3, TIMESTAMP '2016-07-04 09:11:20.115');
INSERT INTO MESSAGES (ID, SENDERID, SUBJECT, BODY, RECIPIENTID, DATECREATED) VALUES (369, 30, 'Janitor Elected', 'That janitor elected her chairperson.', 14, TIMESTAMP '2016-07-06 12:27:43.882');
INSERT INTO MESSAGES (ID, SENDERID, SUBJECT, BODY, RECIPIENTID, DATECREATED) VALUES (370, 42, 'Kept The', 'They kept the milk cold.', 51, TIMESTAMP '2016-07-02 03:16:11.721');
INSERT INTO MESSAGES (ID, SENDERID, SUBJECT, BODY, RECIPIENTID, DATECREATED) VALUES (371, 74, 'Librarians Got', 'Those librarians got the TV repaired.', 35, TIMESTAMP '2016-07-06 09:26:15.985');
INSERT INTO MESSAGES (ID, SENDERID, SUBJECT, BODY, RECIPIENTID, DATECREATED) VALUES (372, 29, 'His Grandson', 'Paul''s grandson elected her chairperson.', 91, TIMESTAMP '2016-07-06 21:14:03.955');
INSERT INTO MESSAGES (ID, SENDERID, SUBJECT, BODY, RECIPIENTID, DATECREATED) VALUES (373, 52, 'Calls Him', 'Jennifer calls him George.', 78, TIMESTAMP '2016-07-05 10:14:05.636');
INSERT INTO MESSAGES (ID, SENDERID, SUBJECT, BODY, RECIPIENTID, DATECREATED) VALUES (374, 55, 'Made Him', 'Sue made him cry.', 81, TIMESTAMP '2016-07-06 07:05:26.449');
INSERT INTO MESSAGES (ID, SENDERID, SUBJECT, BODY, RECIPIENTID, DATECREATED) VALUES (375, 15, 'Named The', 'I named the ship Titanic.', 91, TIMESTAMP '2016-07-07 15:53:03.499');
INSERT INTO MESSAGES (ID, SENDERID, SUBJECT, BODY, RECIPIENTID, DATECREATED) VALUES (376, 80, 'Dentist Keeps', 'That dentist keeps the milk cold.', 85, TIMESTAMP '2016-07-03 23:53:34.423');
INSERT INTO MESSAGES (ID, SENDERID, SUBJECT, BODY, RECIPIENTID, DATECREATED) VALUES (377, 78, 'Called Him', 'They called him a taxi.', 57, TIMESTAMP '2016-07-03 13:39:37.996');
INSERT INTO MESSAGES (ID, SENDERID, SUBJECT, BODY, RECIPIENTID, DATECREATED) VALUES (378, 51, 'Had Him', 'I had him drive.', 27, TIMESTAMP '2016-07-01 11:56:12.400');
INSERT INTO MESSAGES (ID, SENDERID, SUBJECT, BODY, RECIPIENTID, DATECREATED) VALUES (379, 67, 'Managers Named', 'Those managers named the dog Fido.', 83, TIMESTAMP '2016-07-03 08:55:11.754');
INSERT INTO MESSAGES (ID, SENDERID, SUBJECT, BODY, RECIPIENTID, DATECREATED) VALUES (380, 65, 'Paint The', 'I paint the room green.', 9, TIMESTAMP '2016-07-05 21:50:11.859');
INSERT INTO MESSAGES (ID, SENDERID, SUBJECT, BODY, RECIPIENTID, DATECREATED) VALUES (381, 83, 'Calls Him', 'Betty calls him a taxi.', 15, TIMESTAMP '2016-07-06 15:24:43.562');
INSERT INTO MESSAGES (ID, SENDERID, SUBJECT, BODY, RECIPIENTID, DATECREATED) VALUES (382, 51, 'Found The', 'Suzanne found the book interesting.', 6, TIMESTAMP '2016-07-05 15:36:54.560');
INSERT INTO MESSAGES (ID, SENDERID, SUBJECT, BODY, RECIPIENTID, DATECREATED) VALUES (383, 97, 'Have Him', 'They have him drive.', 59, TIMESTAMP '2016-07-04 10:17:54.121');
INSERT INTO MESSAGES (ID, SENDERID, SUBJECT, BODY, RECIPIENTID, DATECREATED) VALUES (384, 45, 'Police Officer', 'That police officer keeps the milk cold.', 48, TIMESTAMP '2016-07-07 11:07:10.178');
INSERT INTO MESSAGES (ID, SENDERID, SUBJECT, BODY, RECIPIENTID, DATECREATED) VALUES (385, 93, 'Flight Attendants', 'Those flight attendants left the door open.', 56, TIMESTAMP '2016-07-05 09:44:41.942');
INSERT INTO MESSAGES (ID, SENDERID, SUBJECT, BODY, RECIPIENTID, DATECREATED) VALUES (386, 97, 'Flight Attendant', 'That flight attendant finds the book interesting.', 71, TIMESTAMP '2016-07-04 05:53:40.723');
INSERT INTO MESSAGES (ID, SENDERID, SUBJECT, BODY, RECIPIENTID, DATECREATED) VALUES (387, 12, 'Call Him', 'I call him a taxi.', 58, TIMESTAMP '2016-07-07 17:03:31.902');
INSERT INTO MESSAGES (ID, SENDERID, SUBJECT, BODY, RECIPIENTID, DATECREATED) VALUES (388, 41, 'His Daughter', 'Donna''s daughter painted the room green.', 32, TIMESTAMP '2016-07-01 17:31:29.296');
INSERT INTO MESSAGES (ID, SENDERID, SUBJECT, BODY, RECIPIENTID, DATECREATED) VALUES (389, 13, 'Bartenders Painted', 'Those bartenders painted the room green.', 33, TIMESTAMP '2016-07-01 23:29:38.408');
INSERT INTO MESSAGES (ID, SENDERID, SUBJECT, BODY, RECIPIENTID, DATECREATED) VALUES (390, 44, 'Students Have', 'Those students have him drive.', 38, TIMESTAMP '2016-07-07 18:30:18.206');
INSERT INTO MESSAGES (ID, SENDERID, SUBJECT, BODY, RECIPIENTID, DATECREATED) VALUES (391, 57, 'Photographers Hear', 'Those photographers hear the girl crying.', 30, TIMESTAMP '2016-07-06 15:25:42.775');
INSERT INTO MESSAGES (ID, SENDERID, SUBJECT, BODY, RECIPIENTID, DATECREATED) VALUES (392, 90, 'Bus Drivers', 'Those bus drivers make him cry.', 41, TIMESTAMP '2016-07-05 12:17:53.765');
INSERT INTO MESSAGES (ID, SENDERID, SUBJECT, BODY, RECIPIENTID, DATECREATED) VALUES (393, 24, 'Taxi Drivers', 'Those taxi drivers named the ship Titanic.', 57, TIMESTAMP '2016-07-04 22:34:58.264');
INSERT INTO MESSAGES (ID, SENDERID, SUBJECT, BODY, RECIPIENTID, DATECREATED) VALUES (394, 20, 'Musicians Find', 'Those musicians find the box empty.', 6, TIMESTAMP '2016-07-06 18:35:47.474');
INSERT INTO MESSAGES (ID, SENDERID, SUBJECT, BODY, RECIPIENTID, DATECREATED) VALUES (395, 66, 'Dentists Kept', 'Those dentists kept the milk cold.', 11, TIMESTAMP '2016-07-03 15:42:16.283');
INSERT INTO MESSAGES (ID, SENDERID, SUBJECT, BODY, RECIPIENTID, DATECREATED) VALUES (396, 9, 'Mrs.', 'Mrs. O''Day elected Bill captain of our team.', 32, TIMESTAMP '2016-07-03 06:34:52.368');
INSERT INTO MESSAGES (ID, SENDERID, SUBJECT, BODY, RECIPIENTID, DATECREATED) VALUES (397, 15, 'Pilots Get', 'Those pilots get the TV repaired.', 47, TIMESTAMP '2016-07-02 12:15:08.339');
INSERT INTO MESSAGES (ID, SENDERID, SUBJECT, BODY, RECIPIENTID, DATECREATED) VALUES (398, 52, 'Called Him', 'I called him "the guard".', 9, TIMESTAMP '2016-07-04 10:51:34.378');
INSERT INTO MESSAGES (ID, SENDERID, SUBJECT, BODY, RECIPIENTID, DATECREATED) VALUES (399, 5, 'Politicians Left', 'Those politicians left the door open.', 40, TIMESTAMP '2016-07-05 00:12:35.640');
INSERT INTO MESSAGES (ID, SENDERID, SUBJECT, BODY, RECIPIENTID, DATECREATED) VALUES (400, 6, 'Hears The', 'Robert hears the girl crying.', 77, TIMESTAMP '2016-07-05 00:22:29.677');
INSERT INTO MESSAGES (ID, SENDERID, SUBJECT, BODY, RECIPIENTID, DATECREATED) VALUES (401, 6, 'Called Her', 'We called her "the sad carpenter".', 67, TIMESTAMP '2016-07-05 10:03:27.109');
INSERT INTO MESSAGES (ID, SENDERID, SUBJECT, BODY, RECIPIENTID, DATECREATED) VALUES (402, 11, 'Singer Painted', 'That singer painted the room green.', 12, TIMESTAMP '2016-07-01 00:26:27.139');
INSERT INTO MESSAGES (ID, SENDERID, SUBJECT, BODY, RECIPIENTID, DATECREATED) VALUES (403, 31, 'Computer Programmer', 'That computer programmer elected her chairperson.', 42, TIMESTAMP '2016-07-07 03:53:42.761');
INSERT INTO MESSAGES (ID, SENDERID, SUBJECT, BODY, RECIPIENTID, DATECREATED) VALUES (404, 7, 'Gardeners Have', 'Those gardeners have him drive.', 38, TIMESTAMP '2016-07-03 13:44:29.778');
INSERT INTO MESSAGES (ID, SENDERID, SUBJECT, BODY, RECIPIENTID, DATECREATED) VALUES (405, 35, 'Musicians Call', 'Those musicians call him a taxi.', 77, TIMESTAMP '2016-07-04 15:13:21.802');
INSERT INTO MESSAGES (ID, SENDERID, SUBJECT, BODY, RECIPIENTID, DATECREATED) VALUES (406, 74, 'Called Him', 'I called him "the science teacher".', 31, TIMESTAMP '2016-07-07 12:53:22.467');
INSERT INTO MESSAGES (ID, SENDERID, SUBJECT, BODY, RECIPIENTID, DATECREATED) VALUES (407, 53, 'Called Him', 'I called him "the janitor".', 45, TIMESTAMP '2016-07-06 11:29:00.741');
INSERT INTO MESSAGES (ID, SENDERID, SUBJECT, BODY, RECIPIENTID, DATECREATED) VALUES (408, 12, 'Kept The', 'They kept the room warm.', 77, TIMESTAMP '2016-07-01 21:45:21.257');
INSERT INTO MESSAGES (ID, SENDERID, SUBJECT, BODY, RECIPIENTID, DATECREATED) VALUES (409, 44, 'Gardener Got', 'That gardener got the TV repaired.', 14, TIMESTAMP '2016-07-01 20:06:22.176');
INSERT INTO MESSAGES (ID, SENDERID, SUBJECT, BODY, RECIPIENTID, DATECREATED) VALUES (410, 20, 'Keep The', 'They keep the room warm.', 72, TIMESTAMP '2016-07-04 06:17:41.528');
INSERT INTO MESSAGES (ID, SENDERID, SUBJECT, BODY, RECIPIENTID, DATECREATED) VALUES (411, 16, 'Called Him', 'I called him "the thief".', 38, TIMESTAMP '2016-07-07 09:59:09.265');
INSERT INTO MESSAGES (ID, SENDERID, SUBJECT, BODY, RECIPIENTID, DATECREATED) VALUES (412, 82, 'Kept The', 'They kept the milk cold.', 52, TIMESTAMP '2016-07-02 14:42:29.644');
INSERT INTO MESSAGES (ID, SENDERID, SUBJECT, BODY, RECIPIENTID, DATECREATED) VALUES (413, 60, 'Find The', 'They find the box empty.', 43, TIMESTAMP '2016-07-06 20:32:33.516');
INSERT INTO MESSAGES (ID, SENDERID, SUBJECT, BODY, RECIPIENTID, DATECREATED) VALUES (414, 3, 'His Girlfriend', 'Joe''s girlfriend calls him a taxi.', 46, TIMESTAMP '2016-07-06 23:33:16.883');
INSERT INTO MESSAGES (ID, SENDERID, SUBJECT, BODY, RECIPIENTID, DATECREATED) VALUES (415, 69, 'Appointed Him', 'Roy appointed him committee chairman.', 30, TIMESTAMP '2016-07-02 10:41:32.802');
INSERT INTO MESSAGES (ID, SENDERID, SUBJECT, BODY, RECIPIENTID, DATECREATED) VALUES (416, 47, 'Keep The', 'They keep the room clean.', 87, TIMESTAMP '2016-07-02 17:20:25.931');
INSERT INTO MESSAGES (ID, SENDERID, SUBJECT, BODY, RECIPIENTID, DATECREATED) VALUES (417, 86, 'Manager Finds', 'That manager finds the box empty.', 49, TIMESTAMP '2016-07-03 17:14:48.432');
INSERT INTO MESSAGES (ID, SENDERID, SUBJECT, BODY, RECIPIENTID, DATECREATED) VALUES (418, 9, 'Called Him', 'I called him "the janitor".', 73, TIMESTAMP '2016-07-04 07:33:10.497');
INSERT INTO MESSAGES (ID, SENDERID, SUBJECT, BODY, RECIPIENTID, DATECREATED) VALUES (419, 86, 'Pilot Found', 'That pilot found the box empty.', 76, TIMESTAMP '2016-07-02 04:32:18.779');
INSERT INTO MESSAGES (ID, SENDERID, SUBJECT, BODY, RECIPIENTID, DATECREATED) VALUES (420, 67, 'Found The', 'Cathy found the box empty.', 49, TIMESTAMP '2016-07-04 17:02:23.482');
INSERT INTO MESSAGES (ID, SENDERID, SUBJECT, BODY, RECIPIENTID, DATECREATED) VALUES (421, 69, 'Librarian Keeps', 'That librarian keeps the room warm.', 80, TIMESTAMP '2016-07-05 03:54:46.566');
INSERT INTO MESSAGES (ID, SENDERID, SUBJECT, BODY, RECIPIENTID, DATECREATED) VALUES (422, 89, 'Name The', 'I name the dog Fido.', 45, TIMESTAMP '2016-07-04 11:10:36.385');
INSERT INTO MESSAGES (ID, SENDERID, SUBJECT, BODY, RECIPIENTID, DATECREATED) VALUES (423, 29, 'News Announcers', 'Those news announcers call him a taxi.', 57, TIMESTAMP '2016-07-01 13:08:01.919');
INSERT INTO MESSAGES (ID, SENDERID, SUBJECT, BODY, RECIPIENTID, DATECREATED) VALUES (424, 99, 'Bartenders See', 'Those bartenders see him swim.', 80, TIMESTAMP '2016-07-04 22:34:50.654');
INSERT INTO MESSAGES (ID, SENDERID, SUBJECT, BODY, RECIPIENTID, DATECREATED) VALUES (425, 55, 'Made Him', 'I made him cry.', 85, TIMESTAMP '2016-07-01 01:46:32.412');
INSERT INTO MESSAGES (ID, SENDERID, SUBJECT, BODY, RECIPIENTID, DATECREATED) VALUES (426, 94, 'Named The', 'They named the baby Susan.', 71, TIMESTAMP '2016-07-05 04:47:43.705');
INSERT INTO MESSAGES (ID, SENDERID, SUBJECT, BODY, RECIPIENTID, DATECREATED) VALUES (427, 80, 'Computer Programmers', 'Those computer programmers find the box empty.', 49, TIMESTAMP '2016-07-02 08:54:39.207');
INSERT INTO MESSAGES (ID, SENDERID, SUBJECT, BODY, RECIPIENTID, DATECREATED) VALUES (428, 28, 'Called Him', 'I called him "the manager".', 80, TIMESTAMP '2016-07-02 15:17:20.837');
INSERT INTO MESSAGES (ID, SENDERID, SUBJECT, BODY, RECIPIENTID, DATECREATED) VALUES (429, 91, 'Heard The', 'They heard the girl crying.', 31, TIMESTAMP '2016-07-02 18:24:13.513');
INSERT INTO MESSAGES (ID, SENDERID, SUBJECT, BODY, RECIPIENTID, DATECREATED) VALUES (430, 42, 'Police Officers', 'Those police officers call him a taxi.', 83, TIMESTAMP '2016-07-05 11:35:48.458');
INSERT INTO MESSAGES (ID, SENDERID, SUBJECT, BODY, RECIPIENTID, DATECREATED) VALUES (431, 50, 'Fishermen Get', 'Those fishermen get the watch fixed.', 19, TIMESTAMP '2016-07-05 17:02:32.291');
INSERT INTO MESSAGES (ID, SENDERID, SUBJECT, BODY, RECIPIENTID, DATECREATED) VALUES (432, 44, 'Called Him', 'I called him "the garbage man".', 1, TIMESTAMP '2016-07-05 21:19:26.485');
INSERT INTO MESSAGES (ID, SENDERID, SUBJECT, BODY, RECIPIENTID, DATECREATED) VALUES (433, 25, 'Find The', 'I find the box empty.', 86, TIMESTAMP '2016-07-07 01:01:50.806');
INSERT INTO MESSAGES (ID, SENDERID, SUBJECT, BODY, RECIPIENTID, DATECREATED) VALUES (434, 23, 'Kept The', 'They kept the milk cold.', 58, TIMESTAMP '2016-07-01 13:13:53.897');
INSERT INTO MESSAGES (ID, SENDERID, SUBJECT, BODY, RECIPIENTID, DATECREATED) VALUES (435, 15, 'Kept The', 'They kept the milk cold.', 18, TIMESTAMP '2016-07-07 20:35:01.171');
INSERT INTO MESSAGES (ID, SENDERID, SUBJECT, BODY, RECIPIENTID, DATECREATED) VALUES (436, 34, 'Johnson Elected', 'Miss Johnson elected her chairperson.', 76, TIMESTAMP '2016-07-01 07:35:55.730');
INSERT INTO MESSAGES (ID, SENDERID, SUBJECT, BODY, RECIPIENTID, DATECREATED) VALUES (437, 71, 'Students Named', 'Those students named the dog Fido.', 7, TIMESTAMP '2016-07-03 14:00:55.229');
INSERT INTO MESSAGES (ID, SENDERID, SUBJECT, BODY, RECIPIENTID, DATECREATED) VALUES (438, 97, 'Called Him', 'I called him "the carpenter".', 52, TIMESTAMP '2016-07-01 03:13:20.563');
INSERT INTO MESSAGES (ID, SENDERID, SUBJECT, BODY, RECIPIENTID, DATECREATED) VALUES (439, 21, 'Politicians Find', 'Those politicians find the box empty.', 96, TIMESTAMP '2016-07-01 19:48:08.560');
INSERT INTO MESSAGES (ID, SENDERID, SUBJECT, BODY, RECIPIENTID, DATECREATED) VALUES (440, 73, 'Journalists Had', 'Those journalists had him drive.', 84, TIMESTAMP '2016-07-01 02:43:48.884');
INSERT INTO MESSAGES (ID, SENDERID, SUBJECT, BODY, RECIPIENTID, DATECREATED) VALUES (441, 50, 'Painted The', 'They painted the room green.', 82, TIMESTAMP '2016-07-04 23:12:47.557');
INSERT INTO MESSAGES (ID, SENDERID, SUBJECT, BODY, RECIPIENTID, DATECREATED) VALUES (442, 63, 'Got The', 'Ginger got the TV repaired.', 37, TIMESTAMP '2016-07-01 05:50:47.951');
INSERT INTO MESSAGES (ID, SENDERID, SUBJECT, BODY, RECIPIENTID, DATECREATED) VALUES (443, 7, 'Farmers Get', 'Those farmers get the TV repaired.', 67, TIMESTAMP '2016-07-06 15:18:45.759');
INSERT INTO MESSAGES (ID, SENDERID, SUBJECT, BODY, RECIPIENTID, DATECREATED) VALUES (444, 55, 'Appointed Him', 'They appointed him committee chairman.', 93, TIMESTAMP '2016-07-01 22:48:45.590');
INSERT INTO MESSAGES (ID, SENDERID, SUBJECT, BODY, RECIPIENTID, DATECREATED) VALUES (445, 26, 'Scientist Makes', 'That scientist makes him cry.', 29, TIMESTAMP '2016-07-07 00:56:04.436');
INSERT INTO MESSAGES (ID, SENDERID, SUBJECT, BODY, RECIPIENTID, DATECREATED) VALUES (446, 94, 'Scientists Find', 'Those scientists find the book interesting.', 35, TIMESTAMP '2016-07-06 14:03:38.534');
INSERT INTO MESSAGES (ID, SENDERID, SUBJECT, BODY, RECIPIENTID, DATECREATED) VALUES (447, 57, 'Called Him', 'I called him "the journalist".', 20, TIMESTAMP '2016-07-01 12:58:19.261');
INSERT INTO MESSAGES (ID, SENDERID, SUBJECT, BODY, RECIPIENTID, DATECREATED) VALUES (448, 7, 'Keep The', 'They keep the milk cold.', 35, TIMESTAMP '2016-07-02 10:17:39.391');
INSERT INTO MESSAGES (ID, SENDERID, SUBJECT, BODY, RECIPIENTID, DATECREATED) VALUES (449, 74, 'Made Him', 'I made him cry.', 16, TIMESTAMP '2016-07-07 23:53:37.699');
INSERT INTO MESSAGES (ID, SENDERID, SUBJECT, BODY, RECIPIENTID, DATECREATED) VALUES (450, 93, 'Call Him', 'They call him a taxi.', 42, TIMESTAMP '2016-07-07 21:58:33.567');
INSERT INTO MESSAGES (ID, SENDERID, SUBJECT, BODY, RECIPIENTID, DATECREATED) VALUES (451, 4, 'Gardener Makes', 'That gardener makes him cry.', 75, TIMESTAMP '2016-07-07 21:55:23.190');
INSERT INTO MESSAGES (ID, SENDERID, SUBJECT, BODY, RECIPIENTID, DATECREATED) VALUES (452, 95, 'Science Teacher', 'That science teacher left the door open.', 60, TIMESTAMP '2016-07-06 17:12:57.303');
INSERT INTO MESSAGES (ID, SENDERID, SUBJECT, BODY, RECIPIENTID, DATECREATED) VALUES (453, 78, 'Science Teachers', 'Those science teachers painted the room green.', 97, TIMESTAMP '2016-07-07 13:33:34.862');
INSERT INTO MESSAGES (ID, SENDERID, SUBJECT, BODY, RECIPIENTID, DATECREATED) VALUES (454, 14, 'Called Him', 'I called him "the carpenter".', 39, TIMESTAMP '2016-07-05 15:30:46.136');
INSERT INTO MESSAGES (ID, SENDERID, SUBJECT, BODY, RECIPIENTID, DATECREATED) VALUES (455, 8, 'Singers Have', 'Those singers have him drive.', 57, TIMESTAMP '2016-07-05 09:00:49.167');
INSERT INTO MESSAGES (ID, SENDERID, SUBJECT, BODY, RECIPIENTID, DATECREATED) VALUES (456, 70, 'Called Her', 'We called her "the strange store clerk".', 22, TIMESTAMP '2016-07-02 00:54:26.205');
INSERT INTO MESSAGES (ID, SENDERID, SUBJECT, BODY, RECIPIENTID, DATECREATED) VALUES (457, 15, 'Painted The', 'They painted the room green.', 25, TIMESTAMP '2016-07-04 18:08:02.507');
INSERT INTO MESSAGES (ID, SENDERID, SUBJECT, BODY, RECIPIENTID, DATECREATED) VALUES (458, 70, 'Store Clerk', 'That store clerk appointed him committee chairman.', 14, TIMESTAMP '2016-07-02 07:11:02.578');
INSERT INTO MESSAGES (ID, SENDERID, SUBJECT, BODY, RECIPIENTID, DATECREATED) VALUES (459, 87, 'Fishermen Left', 'Those fishermen left the door open.', 67, TIMESTAMP '2016-07-01 06:26:57.108');
INSERT INTO MESSAGES (ID, SENDERID, SUBJECT, BODY, RECIPIENTID, DATECREATED) VALUES (460, 14, 'See Him', 'They see him swim.', 11, TIMESTAMP '2016-07-03 18:21:41.963');
INSERT INTO MESSAGES (ID, SENDERID, SUBJECT, BODY, RECIPIENTID, DATECREATED) VALUES (461, 42, 'Called Him', 'Jennifer called him a taxi.', 72, TIMESTAMP '2016-07-03 13:45:46.485');
INSERT INTO MESSAGES (ID, SENDERID, SUBJECT, BODY, RECIPIENTID, DATECREATED) VALUES (462, 62, 'Bus Drivers', 'Those bus drivers found the book interesting.', 82, TIMESTAMP '2016-07-01 15:24:56.864');
INSERT INTO MESSAGES (ID, SENDERID, SUBJECT, BODY, RECIPIENTID, DATECREATED) VALUES (463, 61, 'Found The', 'Jenny found the box empty.', 17, TIMESTAMP '2016-07-07 20:31:33.307');
INSERT INTO MESSAGES (ID, SENDERID, SUBJECT, BODY, RECIPIENTID, DATECREATED) VALUES (464, 78, 'Named The', 'They named the dog Fido.', 81, TIMESTAMP '2016-07-02 06:44:43.580');
INSERT INTO MESSAGES (ID, SENDERID, SUBJECT, BODY, RECIPIENTID, DATECREATED) VALUES (465, 93, 'Called Him', 'I called him "the cashier".', 65, TIMESTAMP '2016-07-07 16:58:13.570');
INSERT INTO MESSAGES (ID, SENDERID, SUBJECT, BODY, RECIPIENTID, DATECREATED) VALUES (466, 67, 'Cashier Keeps', 'That cashier keeps the room warm.', 94, TIMESTAMP '2016-07-06 05:09:03.648');
INSERT INTO MESSAGES (ID, SENDERID, SUBJECT, BODY, RECIPIENTID, DATECREATED) VALUES (467, 31, 'Got The', 'They got the TV repaired.', 79, TIMESTAMP '2016-07-04 07:08:01.253');
INSERT INTO MESSAGES (ID, SENDERID, SUBJECT, BODY, RECIPIENTID, DATECREATED) VALUES (468, 97, 'Called Him', 'I called him "the politician".', 56, TIMESTAMP '2016-07-05 10:50:40.187');
INSERT INTO MESSAGES (ID, SENDERID, SUBJECT, BODY, RECIPIENTID, DATECREATED) VALUES (469, 68, 'Computer Programmer', 'That computer programmer calls him a taxi.', 81, TIMESTAMP '2016-07-07 01:38:09.441');
INSERT INTO MESSAGES (ID, SENDERID, SUBJECT, BODY, RECIPIENTID, DATECREATED) VALUES (470, 46, 'Hear The', 'I hear the girl crying.', 9, TIMESTAMP '2016-07-06 03:47:17.781');
INSERT INTO MESSAGES (ID, SENDERID, SUBJECT, BODY, RECIPIENTID, DATECREATED) VALUES (471, 68, 'Musicians Keep', 'Those musicians keep the milk cold.', 10, TIMESTAMP '2016-07-05 07:04:44.672');
INSERT INTO MESSAGES (ID, SENDERID, SUBJECT, BODY, RECIPIENTID, DATECREATED) VALUES (472, 52, 'Carpenter Named', 'That carpenter named the ship Titanic.', 56, TIMESTAMP '2016-07-02 05:30:56.160');
INSERT INTO MESSAGES (ID, SENDERID, SUBJECT, BODY, RECIPIENTID, DATECREATED) VALUES (473, 6, 'Politician Keeps', 'That politician keeps the milk cold.', 18, TIMESTAMP '2016-07-01 23:55:01.864');
INSERT INTO MESSAGES (ID, SENDERID, SUBJECT, BODY, RECIPIENTID, DATECREATED) VALUES (474, 28, 'Joanne''s Father', 'Roger''s father calls him a taxi.', 34, TIMESTAMP '2016-07-07 17:27:41.588');
INSERT INTO MESSAGES (ID, SENDERID, SUBJECT, BODY, RECIPIENTID, DATECREATED) VALUES (475, 42, 'Called Him', 'I called him "the gardener".', 80, TIMESTAMP '2016-07-06 21:46:11.747');
INSERT INTO MESSAGES (ID, SENDERID, SUBJECT, BODY, RECIPIENTID, DATECREATED) VALUES (476, 28, 'Get The', 'I get the watch fixed.', 89, TIMESTAMP '2016-07-06 13:38:01.164');
INSERT INTO MESSAGES (ID, SENDERID, SUBJECT, BODY, RECIPIENTID, DATECREATED) VALUES (477, 11, 'Find The', 'They find the book interesting.', 62, TIMESTAMP '2016-07-02 10:05:33.282');
INSERT INTO MESSAGES (ID, SENDERID, SUBJECT, BODY, RECIPIENTID, DATECREATED) VALUES (478, 46, 'Hear The', 'I hear the girl crying.', 58, TIMESTAMP '2016-07-05 06:46:51.779');
INSERT INTO MESSAGES (ID, SENDERID, SUBJECT, BODY, RECIPIENTID, DATECREATED) VALUES (479, 91, 'Taxi Drivers', 'Those taxi drivers made him cry.', 58, TIMESTAMP '2016-07-04 08:15:00.750');
INSERT INTO MESSAGES (ID, SENDERID, SUBJECT, BODY, RECIPIENTID, DATECREATED) VALUES (480, 6, 'Called Her', 'We called her "the careless journalist".', 44, TIMESTAMP '2016-07-01 11:02:47.651');
INSERT INTO MESSAGES (ID, SENDERID, SUBJECT, BODY, RECIPIENTID, DATECREATED) VALUES (481, 54, 'Keep The', 'I keep the room clean.', 83, TIMESTAMP '2016-07-03 07:28:00.427');
INSERT INTO MESSAGES (ID, SENDERID, SUBJECT, BODY, RECIPIENTID, DATECREATED) VALUES (482, 97, 'Found The', 'Frank found the box empty.', 69, TIMESTAMP '2016-07-01 05:57:42.185');
INSERT INTO MESSAGES (ID, SENDERID, SUBJECT, BODY, RECIPIENTID, DATECREATED) VALUES (483, 65, 'Manager Keeps', 'That manager keeps the room warm.', 17, TIMESTAMP '2016-07-01 03:48:23.286');
INSERT INTO MESSAGES (ID, SENDERID, SUBJECT, BODY, RECIPIENTID, DATECREATED) VALUES (484, 38, 'Called Him', 'I called him "the politician".', 30, TIMESTAMP '2016-07-03 18:52:32.660');
INSERT INTO MESSAGES (ID, SENDERID, SUBJECT, BODY, RECIPIENTID, DATECREATED) VALUES (485, 26, 'Kept The', 'They kept the milk cold.', 73, TIMESTAMP '2016-07-01 03:03:38.721');
INSERT INTO MESSAGES (ID, SENDERID, SUBJECT, BODY, RECIPIENTID, DATECREATED) VALUES (486, 54, 'Get The', 'They get the watch fixed.', 31, TIMESTAMP '2016-07-04 10:49:52.751');
INSERT INTO MESSAGES (ID, SENDERID, SUBJECT, BODY, RECIPIENTID, DATECREATED) VALUES (487, 52, 'Bartenders Kept', 'Those bartenders kept the milk cold.', 32, TIMESTAMP '2016-07-02 17:08:07.806');
INSERT INTO MESSAGES (ID, SENDERID, SUBJECT, BODY, RECIPIENTID, DATECREATED) VALUES (488, 69, 'Musicians Make', 'Those musicians make him cry.', 86, TIMESTAMP '2016-07-03 16:20:02.864');
INSERT INTO MESSAGES (ID, SENDERID, SUBJECT, BODY, RECIPIENTID, DATECREATED) VALUES (489, 63, 'Politicians Keep', 'Those politicians keep the room warm.', 99, TIMESTAMP '2016-07-06 17:00:13.395');
INSERT INTO MESSAGES (ID, SENDERID, SUBJECT, BODY, RECIPIENTID, DATECREATED) VALUES (490, 43, 'Fishermen Called', 'Those fishermen called him a taxi.', 61, TIMESTAMP '2016-07-03 11:44:34.363');
INSERT INTO MESSAGES (ID, SENDERID, SUBJECT, BODY, RECIPIENTID, DATECREATED) VALUES (491, 66, 'Elected Bill', 'I elected Bill captain of our team.', 20, TIMESTAMP '2016-07-06 01:50:14.477');
INSERT INTO MESSAGES (ID, SENDERID, SUBJECT, BODY, RECIPIENTID, DATECREATED) VALUES (492, 29, 'Kept The', 'They kept the milk cold.', 31, TIMESTAMP '2016-07-05 07:18:45.327');
INSERT INTO MESSAGES (ID, SENDERID, SUBJECT, BODY, RECIPIENTID, DATECREATED) VALUES (493, 29, 'Called Her', 'We called her "the fat plumber".', 34, TIMESTAMP '2016-07-03 12:33:16.287');
INSERT INTO MESSAGES (ID, SENDERID, SUBJECT, BODY, RECIPIENTID, DATECREATED) VALUES (494, 43, 'Name The', 'They name the ship Titanic.', 31, TIMESTAMP '2016-07-01 05:18:43.447');
INSERT INTO MESSAGES (ID, SENDERID, SUBJECT, BODY, RECIPIENTID, DATECREATED) VALUES (495, 25, 'Computer Programmers', 'Those computer programmers keep the milk cold.', 52, TIMESTAMP '2016-07-07 21:53:47.180');
INSERT INTO MESSAGES (ID, SENDERID, SUBJECT, BODY, RECIPIENTID, DATECREATED) VALUES (496, 6, 'Elected Him', 'I elected him president.', 44, TIMESTAMP '2016-07-07 21:46:09.968');
INSERT INTO MESSAGES (ID, SENDERID, SUBJECT, BODY, RECIPIENTID, DATECREATED) VALUES (497, 30, 'Elected Her', 'They elected her chairperson.', 7, TIMESTAMP '2016-07-02 20:34:14.321');
INSERT INTO MESSAGES (ID, SENDERID, SUBJECT, BODY, RECIPIENTID, DATECREATED) VALUES (498, 30, 'Cashiers See', 'Those cashiers see him swim.', 43, TIMESTAMP '2016-07-02 21:46:24.570');
INSERT INTO MESSAGES (ID, SENDERID, SUBJECT, BODY, RECIPIENTID, DATECREATED) VALUES (499, 13, 'Elected Bill', 'I elected Bill captain of our team.', 37, TIMESTAMP '2016-07-05 14:02:13.743');
INSERT INTO MESSAGES (ID, SENDERID, SUBJECT, BODY, RECIPIENTID, DATECREATED) VALUES (500, 90, 'Keep The', 'I keep the milk cold.', 8, TIMESTAMP '2016-07-03 01:12:42.163');

SELECT COUNT(*) USERS_COUNT FROM USERS;
SELECT COUNT(*) GROUPS_COUNT FROM GROUPS;
SELECT COUNT(*) FRIENDSHIPS_COUNT FROM FRIENDSHIPS;
SELECT COUNT(*) GROUPMEMBERS_COUNT FROM GROUPMEMBERS;
SELECT COUNT(*) MESSAGES_COUNT FROM MESSAGES;